# Host: 127.0.0.1  (Version 5.7.21)
# Date: 2019-02-01 21:27:42
# Generator: MySQL-Front 5.4  (Build 4.153) - http://www.mysqlfront.de/

/*!40101 SET NAMES utf8 */;

#
# Structure for table "admin"
#

DROP TABLE IF EXISTS `admin`;
CREATE TABLE `admin` (
  `id` int(11) NOT NULL AUTO_INCREMENT,
  `name` varchar(32) NOT NULL COMMENT '用户名',
  `password` varchar(64) NOT NULL COMMENT '密码',
  `token` varchar(64) DEFAULT NULL COMMENT '登录token',
  PRIMARY KEY (`id`),
  UNIQUE KEY `name` (`name`)
) ENGINE=InnoDB AUTO_INCREMENT=100001 DEFAULT CHARSET=utf8mb4 ROW_FORMAT=DYNAMIC;

#
# Data for table "admin"
#

INSERT INTO `admin` VALUES (100000,'admin','jZ_fLAZWkFmFtroR00pIJnY-FuHd4mEOXW8hVVdFkd4',NULL);

#
# Structure for table "room"
#

DROP TABLE IF EXISTS `room`;
CREATE TABLE `room` (
  `id` int(11) NOT NULL AUTO_INCREMENT COMMENT '牌局id',
  `create_user_id` int(11) NOT NULL COMMENT '创建用户id',
  `user_max` int(11) NOT NULL COMMENT '用户数',
  `uuid` varchar(64) NOT NULL COMMENT '牌局uuid',
  `user0` int(11) NOT NULL COMMENT '用户0',
  `user1` int(11) NOT NULL COMMENT '用户1',
  `user2` int(11) NOT NULL COMMENT '用户2',
  `user3` int(11) NOT NULL COMMENT '用户3',
  `userName0` varchar(32) DEFAULT NULL COMMENT '用户0',
  `userName1` varchar(32) DEFAULT NULL COMMENT '用户1',
  `userName2` varchar(32) DEFAULT NULL COMMENT '用户2',
  `userName3` varchar(32) DEFAULT NULL COMMENT '用户3',
  `score0` int(11) NOT NULL COMMENT '积分0',
  `score1` int(11) NOT NULL COMMENT '积分1',
  `score2` int(11) NOT NULL COMMENT '积分2',
  `score3` int(11) NOT NULL COMMENT '积分3',
  `room_check_id` varchar(10) DEFAULT NULL COMMENT '房间的check-id,进入id,可以重复,但是不允许同时活跃状态的id 相同',
  `start_date` datetime NOT NULL,
  `end_date` datetime DEFAULT NULL,
  `start` bit(1) NOT NULL,
  `end` bit(1) NOT NULL COMMENT '正常结束',
  `version` int(11) NOT NULL DEFAULT '0',
  `scene_id` int(11) NOT NULL,
  `chapter_nums` int(11) NOT NULL,
  `config` text NOT NULL COMMENT 'JSON:mj.data.Config;配置',
  PRIMARY KEY (`id`),
  KEY `room_check_id` (`room_check_id`),
  KEY `create_user_id$start` (`room_check_id`,`start`)
) ENGINE=InnoDB AUTO_INCREMENT=100009 DEFAULT CHARSET=utf8mb4 ROW_FORMAT=DYNAMIC COMMENT='游戏房间';

#
# Data for table "room"
#

INSERT INTO `room` VALUES (100000,100000,4,'402880fd64504e8c0164504e8cac0000',100000,0,0,0,'d95700d6',NULL,NULL,NULL,0,0,0,0,'795864','2018-06-30 18:48:02','2018-06-30 19:27:33',b'0',b'0',2,1000,0,'{\"options\":{\"bianType\":\"tuiDaoHu\",\"chapterMax\":\"8\",\"maiMa\":\"-1\"}}'),(100001,100000,4,'402880fd64504e8c01645072e4a80002',100000,0,0,0,'d95700d6',NULL,NULL,NULL,0,0,0,0,'646107','2018-06-30 19:27:44','2018-07-14 13:11:44',b'0',b'0',2,1000,0,'{\"options\":{\"bianType\":\"tuiDaoHu\",\"chapterMax\":\"8\",\"maiMa\":\"-1\"}}'),(100002,100002,4,'402880fd646556470164655647790000',100002,100003,100004,100005,'11023','11024','11025-谢','11026-谢大',0,0,0,0,'998149','2018-07-04 20:48:31',NULL,b'1',b'0',1,1000,0,'{\"options\":{\"bianType\":\"hongZhongMaJiang\",\"chapterMax\":\"8\",\"maiMa\":\"2\"}}'),(100003,100000,4,'4028928a6885155a016885155a1a0000',100000,100007,100008,100009,'d95700d6','600d94ef','78bda2b8','12c6aeb5',-1,0,0,1,'994256','2019-01-25 20:56:36',NULL,b'1',b'0',1,1000,1,'{\"options\":{\"bianType\":\"yichunmajiang\",\"chapterMax\":\"8\",\"maiMa\":\"6\"}}'),(100004,100011,4,'4028928a6887a4bd016887a4ec700001',100011,0,0,0,'04e910de',NULL,NULL,NULL,0,0,0,0,'981337','2019-01-26 08:52:39','2019-02-01 20:19:46',b'0',b'0',2,1000,0,'{\"options\":{\"bianType\":\"hongZhongMaJiang\",\"chapterMax\":\"8\",\"maiMa\":\"6\"}}'),(100005,100012,4,'4028928a68a8b7220168a8b80af80001',100012,100013,100014,100015,'11012345','11012345','11012345','11012345',-2,2,-5,5,'974096','2019-02-01 19:01:00','2019-02-01 19:57:18',b'0',b'1',2,1000,6,'{\"options\":{\"bianType\":\"yichunmajiang\",\"chapterMax\":\"8\",\"maiMa\":\"0\"}}'),(100006,100012,4,'4028928a68a91af70168a91af7730000',100012,0,0,0,'11012345',NULL,NULL,NULL,0,0,0,0,'960835','2019-02-01 20:49:03','2019-02-01 20:49:14',b'0',b'0',2,1000,0,'{\"options\":{\"bianType\":\"tuiDaoHu\",\"chapterMax\":\"8\",\"maiMa\":\"-1\"}}'),(100007,100013,4,'4028928a68a91af70168a9267c370002',100013,0,0,0,'11012345',NULL,NULL,NULL,0,0,0,0,'958862','2019-02-01 21:01:38','2019-02-01 21:01:42',b'0',b'0',2,1000,0,'{\"options\":{\"bianType\":\"tuiDaoHu\",\"chapterMax\":\"8\",\"maiMa\":\"0\"}}'),(100008,100015,4,'4028928a68a91af70168a93271200003',100015,0,0,0,'11012345',NULL,NULL,NULL,0,0,0,0,'957342','2019-02-01 21:14:42',NULL,b'1',b'0',1,1000,0,'{\"options\":{\"bianType\":\"tuiDaoHu\",\"chapterMax\":\"8\",\"maiMa\":\"-1\"}}');

#
# Structure for table "room_check_id_pool"
#

DROP TABLE IF EXISTS `room_check_id_pool`;
CREATE TABLE `room_check_id_pool` (
  `id` varchar(11) NOT NULL COMMENT '随机id',
  `state` int(11) NOT NULL COMMENT '0,未使用,1,在使用,2,缓存',
  PRIMARY KEY (`id`),
  KEY `id$use` (`id`,`state`),
  KEY `state` (`state`)
) ENGINE=InnoDB DEFAULT CHARSET=utf8mb4 ROW_FORMAT=DYNAMIC COMMENT='游戏房间';

#
# Data for table "room_check_id_pool"
#

INSERT INTO `room_check_id_pool` VALUES ('004273',0),('008535',0),('012871',0),('017742',0),('018905',0),('020913',0),('022075',0),('029093',0),('032202',0),('034813',0),('040168',0),('046662',0),('052116',0),('058790',0),('066976',0),('069856',0),('072848',0),('083296',0),('090011',0),('096426',0),('101235',0),('124919',0),('127548',0),('131086',0),('154955',0),('166190',0),('167678',0),('179341',0),('183529',0),('187809',0),('192571',0),('203744',0),('206233',0),('208179',0),('213010',0),('219208',0),('237083',0),('246233',0),('248252',0),('260580',0),('269099',0),('270474',0),('274209',0),('282007',0),('284490',0),('294224',0),('294365',0),('294785',0),('297314',0),('301285',0),('305102',0),('306552',0),('313368',0),('314665',0),('315802',0),('332667',0),('335784',0),('341884',0),('345124',0),('352021',0),('353895',0),('362405',0),('364114',0),('370622',0),('371233',0),('374575',0),('390872',0),('393870',0),('400210',0),('400889',0),('401432',0),('403060',0),('407369',0),('414999',0),('418378',0),('430168',0),('436145',0),('436713',0),('438544',0),('439497',0),('441363',0),('441616',0),('442601',0),('447368',0),('456837',0),('461223',0),('470158',0),('474450',0),('474497',0),('480765',0),('482986',0),('485338',0),('489513',0),('495015',0),('504251',2),('505288',2),('507065',2),('510180',2),('513202',2),('518152',2),('522997',2),('528711',2),('535330',2),('539779',2),('540138',2),('547413',2),('560224',2),('564792',2),('567134',2),('585771',2),('592715',2),('593671',2),('594806',2),('597741',2),('610819',2),('612747',2),('617204',2),('622527',2),('646107',1),('652716',2),('656681',2),('659383',2),('662001',2),('662513',2),('664575',2),('672567',2),('673553',2),('684203',2),('687481',2),('688303',2),('689492',2),('690889',2),('697183',2),('697759',2),('703928',2),('710043',2),('714319',2),('716889',2),('720947',2),('725564',2),('732188',2),('735562',2),('736037',2),('739760',2),('740515',2),('740876',2),('742915',2),('744189',2),('744890',2),('747379',2),('751253',2),('756281',2),('774075',2),('774144',2),('775941',2),('782259',2),('782376',2),('788093',2),('793811',2),('795864',1),('809540',2),('820709',2),('829188',2),('831420',2),('835692',2),('845473',2),('849088',2),('857605',2),('860551',2),('867824',2),('876565',2),('877821',2),('889468',2),('890411',2),('892176',2),('894623',2),('901210',2),('911305',2),('912517',2),('928978',2),('929391',2),('930420',2),('932470',2),('932995',2),('933043',2),('935118',2),('945093',2),('945591',2),('946094',2),('948619',2),('950826',2),('951428',2),('954683',2),('957342',1),('958862',1),('960835',1),('974096',1),('981337',1),('994256',1),('998149',1);

#
# Structure for table "room_result"
#

DROP TABLE IF EXISTS `room_result`;
CREATE TABLE `room_result` (
  `id` int(11) NOT NULL AUTO_INCREMENT COMMENT 'result id',
  `room_id` int(11) NOT NULL COMMENT '房间id',
  `room_check_id` varchar(10) DEFAULT NULL COMMENT '房间的check-id,进入id,可以重复,但是不允许同时活跃状态的id 相同',
  `scene_id` int(11) NOT NULL,
  `create_date` datetime NOT NULL,
  `user0` int(11) NOT NULL COMMENT '用户0',
  `user1` int(11) NOT NULL COMMENT '用户1',
  `user2` int(11) NOT NULL COMMENT '用户2',
  `user3` int(11) NOT NULL COMMENT '用户3',
  `userName0` varchar(32) DEFAULT NULL COMMENT '用户0',
  `userName1` varchar(32) DEFAULT NULL COMMENT '用户1',
  `userName2` varchar(32) DEFAULT NULL COMMENT '用户2',
  `userName3` varchar(32) DEFAULT NULL COMMENT '用户3',
  `score0` int(11) NOT NULL COMMENT '积分0',
  `score1` int(11) NOT NULL COMMENT '积分1',
  `score2` int(11) NOT NULL COMMENT '积分2',
  `score3` int(11) NOT NULL COMMENT '积分3',
  `hu_pai` bit(1) NOT NULL,
  `hu_pai_index` int(11) NOT NULL,
  `zhuang_index` int(11) NOT NULL,
  `is_zi_mo` bit(1) NOT NULL,
  `hui_er` varchar(32) DEFAULT NULL COMMENT 'JSON:int[];会儿',
  `gang_shang_hua` bit(1) NOT NULL,
  `last_pai` bit(1) NOT NULL,
  `fang_pao_index` int(11) NOT NULL,
  `left` varchar(512) NOT NULL COMMENT 'JSON:int[];剩余牌',
  `user_pai_infos` text NOT NULL COMMENT 'JSON:mj.data.UserPaiInfo[];用户的牌信息',
  PRIMARY KEY (`id`),
  KEY `room_id` (`room_id`)
) ENGINE=InnoDB AUTO_INCREMENT=8 DEFAULT CHARSET=utf8mb4 ROW_FORMAT=DYNAMIC COMMENT='一局游戏结果';

#
# Data for table "room_result"
#

INSERT INTO `room_result` VALUES (1,100003,'994256',0,'2019-01-25 21:05:02',100000,100007,100008,100009,'d95700d6','600d94ef','78bda2b8','12c6aeb5',-1,0,0,1,b'1',3,0,b'0',NULL,b'0',b'0',0,'[9,21,27,22,23,11,7,1,33,8,20,30,31,7,13,19,26,29,2,9,5,30,16,22,14,24,15,4,7,27,24,12,33,31,14,16,4,3,0,17,27,21,9,28,11,15,18,2,5,25,25,17,32,26,12,28,6,15,14,26,4,17,8,18,1,30,0]','[{\"shouPai\":[\"TONG_7\",\"TONG_7\",\"TIAO_3\",\"TIAO_4\",\"TIAO_5\",\"WAN_1\",\"WAN_2\",\"WAN_3\",\"WAN_4\",\"WAN_4\"],\"chi\":[[\"TONG_2\",\"TONG_3\",\"TONG_4\"]],\"out\":[\"SANYUAN_FA\",\"TIAO_8\",\"WAN_7\",\"TONG_9\"],\"userId\":100000,\"userName\":\"d95700d6\",\"score\":-1,\"fan\":1,\"zhuang\":true},{\"shouPai\":[\"TONG_1\",\"TONG_1\",\"WAN_6\",\"WAN_7\",\"WAN_8\",\"WAN_8\",\"SANYUAN_ZHONG\",\"SANYUAN_ZHONG\",\"SANYUAN_FA\",\"SANYUAN_FA\"],\"chi\":[[\"TIAO_1\",\"TIAO_2\",\"TIAO_3\"]],\"out\":[\"TONG_9\",\"WAN_1\",\"WAN_9\"],\"locationIndex\":1,\"userId\":100007,\"userName\":\"600d94ef\",\"fan\":1},{\"shouPai\":[\"TIAO_4\",\"TIAO_5\",\"TIAO_6\",\"WAN_3\",\"WAN_3\",\"WAN_5\",\"WAN_6\"],\"chi\":[[\"TIAO_7\",\"TIAO_8\",\"TIAO_9\"],[\"TONG_3\",\"TONG_4\",\"TONG_5\"]],\"out\":[\"FENG_NAN\",\"TONG_6\",\"TIAO_5\",\"TONG_4\"],\"locationIndex\":2,\"userId\":100008,\"userName\":\"78bda2b8\",\"fan\":1},{\"shouPai\":[\"TIAO_2\",\"TIAO_2\",\"TIAO_2\",\"WAN_2\",\"WAN_2\",\"FENG_DONG\",\"FENG_NAN\",\"FENG_BEI\"],\"peng\":[\"FENG_XI\"],\"chi\":[[\"TONG_6\",\"TONG_7\",\"TONG_8\"]],\"out\":[\"SANYUAN_BEI\",\"WAN_5\",\"SANYUAN_BEI\",\"WAN_6\",\"TONG_2\"],\"locationIndex\":3,\"fanResults\":[{\"baseFanType\":\"JI_HU\",\"fan\":1}],\"maxFanResult\":{\"baseFanType\":\"JI_HU\",\"fan\":1},\"userId\":100009,\"userName\":\"12c6aeb5\",\"score\":1,\"fan\":1,\"huPai\":true,\"fanNums\":1}]'),(2,100005,'974096',0,'2019-02-01 19:15:10',100012,100013,100014,100015,'11012345','11012345','11012345','11012345',0,1,-1,0,b'1',1,0,b'0',NULL,b'0',b'0',2,'[6,23,9,16,9,23,20,33,1,1,11,13,18,29,5,15,18,8,14,22,3,24,17,2,0,33,4,19,3,20,13,1,10,22,21,25,22,21,16,23,32,24,10,24,17,0,12,11,7,4,12,26,7,33,32,30,19,14,10,12,16,15,25]','[{\"shouPai\":[\"TONG_1\",\"TONG_2\",\"TONG_3\",\"TONG_5\",\"TONG_6\",\"TONG_6\",\"TIAO_1\",\"TIAO_2\",\"FENG_NAN\",\"FENG_NAN\"],\"chi\":[[\"WAN_2\",\"WAN_3\",\"WAN_4\"]],\"out\":[\"WAN_9\",\"TIAO_9\",\"SANYUAN_BEI\",\"TONG_9\"],\"userId\":100012,\"userName\":\"11012345\",\"fan\":1,\"zhuang\":true},{\"shouPai\":[\"TIAO_3\",\"TIAO_3\",\"TIAO_4\",\"TIAO_5\",\"TIAO_6\"],\"peng\":[\"SANYUAN_ZHONG\"],\"chi\":[[\"FENG_BEI\",\"FENG_DONG\",\"FENG_NAN\"],[\"TONG_7\",\"TONG_8\",\"TONG_9\"]],\"out\":[\"WAN_8\",\"FENG_DONG\",\"WAN_9\",\"FENG_DONG\",\"WAN_2\",\"TONG_3\",\"WAN_6\"],\"locationIndex\":1,\"fanResults\":[{\"queTou\":\"TIAO_3\",\"shunZi\":[\"TIAO_4\"],\"baseFanType\":\"JI_HU\",\"fan\":1,\"fanString\":\"平胡\"}],\"maxFanResult\":{\"queTou\":\"TIAO_3\",\"shunZi\":[\"TIAO_4\"],\"baseFanType\":\"JI_HU\",\"fan\":1,\"fanString\":\"平胡\"},\"userId\":100013,\"userName\":\"11012345\",\"score\":1,\"fan\":1,\"huPai\":true,\"fanNums\":1},{\"shouPai\":[\"TONG_3\",\"TONG_4\",\"TONG_7\",\"TONG_7\",\"TIAO_5\",\"TIAO_9\",\"WAN_1\",\"WAN_5\",\"WAN_9\",\"FENG_DONG\",\"FENG_NAN\",\"FENG_BEI\",\"SANYUAN_ZHONG\"],\"out\":[\"WAN_1\",\"WAN_4\",\"FENG_BEI\",\"TONG_1\",\"WAN_3\"],\"locationIndex\":2,\"userId\":100014,\"userName\":\"11012345\",\"score\":-1,\"fan\":1},{\"shouPai\":[\"TONG_4\",\"TONG_5\",\"TONG_6\",\"TONG_8\",\"TONG_9\",\"FENG_XI\",\"FENG_XI\",\"FENG_XI\",\"SANYUAN_FA\",\"SANYUAN_FA\"],\"chi\":[[\"TIAO_6\",\"TIAO_7\",\"TIAO_8\"]],\"out\":[\"TIAO_1\",\"WAN_7\",\"TIAO_7\",\"WAN_8\"],\"locationIndex\":3,\"userId\":100015,\"userName\":\"11012345\",\"fan\":1}]'),(3,100005,'974096',0,'2019-02-01 19:18:20',100012,100013,100014,100015,'11012345','11012345','11012345','11012345',0,-1,1,0,b'1',2,1,b'0',NULL,b'0',b'0',1,'[17,25,25,4,23,10,25,10,29,32,32,28,8,0,19,9,2,16,14,14,11,6,7,28,18,18,25,0,32,17,2,13,21,18,33,8,26,1,11,20,2,7,27,5,26,9,21,12,16,21,4,9,22,14,16,12,29,31,10,8,11,17,5,31,9,15,20]','[{\"shouPai\":[\"TONG_1\",\"TONG_4\",\"TIAO_5\",\"TIAO_7\",\"TIAO_7\",\"WAN_3\",\"WAN_4\",\"WAN_5\",\"WAN_5\",\"WAN_6\"],\"peng\":[\"FENG_BEI\"],\"out\":[\"TONG_5\",\"TIAO_2\",\"SANYUAN_ZHONG\",\"SANYUAN_BEI\",\"FENG_DONG\"],\"userId\":100012,\"userName\":\"11012345\",\"fan\":1},{\"shouPai\":[\"TONG_2\",\"TONG_2\",\"TIAO_6\",\"TIAO_7\",\"WAN_2\",\"WAN_5\",\"WAN_6\",\"WAN_6\",\"WAN_7\",\"WAN_9\",\"WAN_9\",\"FENG_XI\",\"FENG_XI\"],\"out\":[\"TIAO_9\",\"TIAO_4\",\"FENG_DONG\"],\"locationIndex\":1,\"userId\":100013,\"userName\":\"11012345\",\"score\":-1,\"fan\":1,\"zhuang\":true},{\"shouPai\":[\"TONG_2\",\"TONG_3\",\"TONG_4\",\"TIAO_5\",\"TIAO_5\"],\"peng\":[\"WAN_7\"],\"chi\":[[\"TONG_6\",\"TONG_7\",\"TONG_8\"],[\"WAN_1\",\"WAN_2\",\"WAN_3\"]],\"out\":[\"FENG_NAN\",\"FENG_NAN\",\"TONG_1\",\"TIAO_4\"],\"locationIndex\":2,\"fanResults\":[{\"queTou\":\"TIAO_5\",\"shunZi\":[\"TONG_2\"],\"baseFanType\":\"JI_HU\",\"fan\":1,\"fanString\":\"平胡\"}],\"maxFanResult\":{\"queTou\":\"TIAO_5\",\"shunZi\":[\"TONG_2\"],\"baseFanType\":\"JI_HU\",\"fan\":1,\"fanString\":\"平胡\"},\"userId\":100014,\"userName\":\"11012345\",\"score\":1,\"fan\":1,\"huPai\":true,\"fanNums\":1},{\"shouPai\":[\"TONG_4\",\"TONG_4\",\"FENG_DONG\",\"FENG_BEI\",\"SANYUAN_ZHONG\",\"SANYUAN_FA\",\"SANYUAN_BEI\"],\"chi\":[[\"TONG_5\",\"TONG_6\",\"TONG_7\"],[\"TONG_7\",\"TONG_8\",\"TONG_9\"]],\"out\":[\"TIAO_3\",\"TIAO_8\",\"WAN_2\",\"SANYUAN_BEI\"],\"locationIndex\":3,\"userId\":100015,\"userName\":\"11012345\",\"fan\":1}]'),(4,100005,'974096',0,'2019-02-01 19:26:44',100012,100013,100014,100015,'11012345','11012345','11012345','11012345',0,0,-1,1,b'1',3,2,b'0',NULL,b'0',b'0',2,'[9,29,33,4,20,5,15,11,1,23,29,31,4,7,20,32,2,28,5,22,6,11,10,15,8,12,23,32,32,3,18,7,32,4,22,0,25,30,24,12,33,12,27,9,24,11,25,6,2,20,5,19,27,15,25,27,4,13,18,9,6,1,14]','[{\"shouPai\":[\"TIAO_2\",\"TIAO_2\",\"TIAO_6\",\"TIAO_7\",\"TIAO_8\",\"WAN_5\",\"WAN_6\",\"WAN_6\",\"FENG_XI\",\"FENG_BEI\"],\"peng\":[\"WAN_4\"],\"out\":[\"TONG_9\",\"WAN_1\",\"TIAO_8\",\"TONG_6\",\"WAN_2\",\"TONG_4\"],\"userId\":100012,\"userName\":\"11012345\",\"fan\":1},{\"shouPai\":[\"TONG_2\",\"TONG_4\",\"TONG_8\",\"TONG_9\",\"TIAO_2\",\"TIAO_6\",\"TIAO_8\",\"WAN_2\",\"WAN_3\",\"WAN_4\",\"FENG_DONG\",\"FENG_NAN\",\"FENG_NAN\"],\"out\":[\"TONG_1\",\"WAN_9\",\"WAN_1\",\"WAN_9\",\"TIAO_1\"],\"locationIndex\":1,\"userId\":100013,\"userName\":\"11012345\",\"fan\":1},{\"shouPai\":[\"TONG_4\",\"TIAO_3\",\"TIAO_4\",\"TIAO_5\",\"TIAO_5\",\"TIAO_8\",\"TIAO_9\",\"FENG_NAN\",\"FENG_XI\",\"FENG_BEI\"],\"peng\":[\"SANYUAN_ZHONG\"],\"out\":[\"TONG_3\",\"WAN_7\",\"WAN_9\",\"TONG_1\"],\"locationIndex\":2,\"userId\":100014,\"userName\":\"11012345\",\"score\":-1,\"fan\":1,\"zhuang\":true},{\"shouPai\":[\"TONG_1\",\"TONG_2\",\"TONG_3\",\"TONG_7\",\"TONG_8\",\"TONG_9\",\"SANYUAN_BEI\",\"SANYUAN_BEI\"],\"peng\":[\"TIAO_9\"],\"chi\":[[\"WAN_7\",\"WAN_8\",\"WAN_9\"]],\"out\":[\"TIAO_5\",\"WAN_2\",\"WAN_5\",\"TIAO_6\",\"FENG_BEI\"],\"locationIndex\":3,\"fanResults\":[{\"queTou\":\"SANYUAN_BEI\",\"shunZi\":[\"TONG_1\",\"TONG_7\"],\"baseFanType\":\"JI_HU\",\"fan\":1,\"fanString\":\"平胡\"}],\"maxFanResult\":{\"queTou\":\"SANYUAN_BEI\",\"shunZi\":[\"TONG_1\",\"TONG_7\"],\"baseFanType\":\"JI_HU\",\"fan\":1,\"fanString\":\"平胡\"},\"userId\":100015,\"userName\":\"11012345\",\"score\":1,\"fan\":1,\"huPai\":true,\"fanNums\":1}]'),(5,100005,'974096',0,'2019-02-01 19:28:33',100012,100013,100014,100015,'11012345','11012345','11012345','11012345',-1,0,0,1,b'1',3,3,b'0',NULL,b'0',b'0',0,'[12,33,8,17,15,4,16,4,21,27,31,4,31,18,6,25,28,7,19,10,21,27,23,26,32,30,20,20,1,6,11,14,33,0,3,15,22,21,0,16,10,27,8,24,12,23,10,0,11,5,8,28,23,5,1,20,18,31,30,7,5,27,29,22,19,11,0,12]','[{\"shouPai\":[\"TIAO_5\",\"WAN_6\",\"WAN_7\",\"WAN_8\",\"WAN_8\",\"WAN_8\",\"FENG_BEI\"],\"peng\":[\"TIAO_1\"],\"chi\":[[\"WAN_2\",\"WAN_3\",\"WAN_4\"]],\"out\":[\"TONG_8\",\"SANYUAN_BEI\",\"WAN_2\"],\"userId\":100012,\"userName\":\"11012345\",\"score\":-1,\"fan\":1},{\"shouPai\":[\"TONG_3\",\"TONG_4\",\"TONG_4\",\"WAN_5\",\"WAN_5\",\"FENG_XI\",\"FENG_BEI\"],\"peng\":[\"TIAO_9\"],\"chi\":[[\"TIAO_1\",\"TIAO_2\",\"TIAO_3\"]],\"out\":[\"TIAO_8\",\"SANYUAN_BEI\",\"WAN_9\",\"TIAO_5\",\"TONG_8\"],\"locationIndex\":1,\"userId\":100013,\"userName\":\"11012345\",\"fan\":1},{\"shouPai\":[\"TONG_3\",\"TONG_3\",\"TIAO_4\",\"TIAO_5\",\"TIAO_5\",\"TIAO_6\",\"TIAO_6\",\"TIAO_7\",\"WAN_7\",\"WAN_7\",\"FENG_NAN\",\"FENG_XI\",\"FENG_XI\"],\"out\":[\"WAN_9\",\"TONG_9\",\"TONG_2\"],\"locationIndex\":2,\"userId\":100014,\"userName\":\"11012345\",\"fan\":1},{\"shouPai\":[\"TONG_2\",\"TONG_3\",\"TONG_4\",\"TIAO_6\",\"TIAO_7\",\"TIAO_8\",\"WAN_1\",\"WAN_1\"],\"peng\":[\"SANYUAN_FA\"],\"chi\":[[\"TONG_5\",\"TONG_6\",\"TONG_7\"]],\"out\":[\"FENG_NAN\",\"SANYUAN_ZHONG\",\"WAN_9\",\"TONG_7\"],\"locationIndex\":3,\"fanResults\":[{\"queTou\":\"WAN_1\",\"shunZi\":[\"TONG_2\",\"TIAO_6\"],\"baseFanType\":\"JI_HU\",\"fan\":1,\"fanString\":\"平胡\"}],\"maxFanResult\":{\"queTou\":\"WAN_1\",\"shunZi\":[\"TONG_2\",\"TIAO_6\"],\"baseFanType\":\"JI_HU\",\"fan\":1,\"fanString\":\"平胡\"},\"userId\":100015,\"userName\":\"11012345\",\"score\":1,\"fan\":1,\"huPai\":true,\"fanNums\":1,\"zhuang\":true}]'),(6,100005,'974096',0,'2019-02-01 19:31:34',100012,100013,100014,100015,'11012345','11012345','11012345','11012345',-1,-1,-1,3,b'1',3,3,b'1',NULL,b'0',b'0',-1,'[12,19,11,18,1,33,18,2,4,26,22,10,30,30,28,14,4,26,25,27,22,14,17,0,13,7,3,29,6,15,9,15,25,21,25,11,28,16,1,25,7,0,27,6,26,30,12,33,19,4,11,33,8]','[{\"shouPai\":[\"TONG_2\",\"TONG_4\",\"TONG_6\",\"TONG_9\",\"TONG_9\",\"TIAO_9\",\"WAN_1\",\"WAN_5\",\"WAN_7\",\"FENG_DONG\",\"FENG_XI\",\"SANYUAN_ZHONG\",\"SANYUAN_FA\"],\"out\":[\"SANYUAN_ZHONG\",\"TIAO_9\",\"WAN_4\",\"WAN_3\",\"WAN_2\",\"TONG_6\",\"WAN_5\",\"TONG_3\"],\"userId\":100012,\"userName\":\"11012345\",\"score\":-1,\"fan\":1,\"ziMo\":true},{\"shouPai\":[\"TONG_4\",\"TONG_8\",\"TIAO_1\",\"TIAO_4\",\"TIAO_9\",\"WAN_4\",\"WAN_6\",\"WAN_7\",\"FENG_DONG\",\"FENG_NAN\",\"FENG_XI\",\"SANYUAN_ZHONG\",\"SANYUAN_FA\"],\"out\":[\"SANYUAN_FA\",\"TIAO_2\",\"WAN_7\",\"TONG_3\",\"SANYUAN_FA\",\"WAN_4\",\"WAN_2\"],\"locationIndex\":1,\"userId\":100013,\"userName\":\"11012345\",\"score\":-1,\"fan\":1,\"ziMo\":true},{\"shouPai\":[\"TONG_4\",\"TONG_5\",\"TONG_6\",\"TIAO_4\",\"TIAO_6\",\"TIAO_6\",\"TIAO_7\",\"TIAO_7\",\"TIAO_8\",\"TIAO_8\"],\"peng\":[\"WAN_6\"],\"out\":[\"FENG_NAN\",\"WAN_1\",\"TIAO_1\",\"TONG_9\",\"TONG_7\",\"TIAO_2\",\"TONG_1\"],\"locationIndex\":2,\"userId\":100014,\"userName\":\"11012345\",\"score\":-1,\"fan\":1,\"ziMo\":true},{\"shouPai\":[\"TONG_6\",\"TONG_7\",\"TONG_8\",\"TIAO_1\",\"TIAO_2\",\"TIAO_3\",\"WAN_3\",\"WAN_3\"],\"peng\":[\"TIAO_5\"],\"chi\":[[\"TONG_1\",\"TONG_2\",\"TONG_3\"]],\"out\":[\"SANYUAN_ZHONG\",\"FENG_XI\",\"TIAO_8\",\"WAN_9\",\"WAN_3\",\"WAN_7\",\"SANYUAN_BEI\",\"FENG_BEI\"],\"locationIndex\":3,\"fanResults\":[{\"queTou\":\"WAN_3\",\"shunZi\":[\"TONG_6\",\"TIAO_1\"],\"baseFanType\":\"ZI_MO\",\"fan\":1,\"fanString\":\"自摸\"}],\"maxFanResult\":{\"queTou\":\"WAN_3\",\"shunZi\":[\"TONG_6\",\"TIAO_1\"],\"baseFanType\":\"ZI_MO\",\"fan\":1,\"fanString\":\"自摸\"},\"userId\":100015,\"userName\":\"11012345\",\"score\":3,\"fan\":1,\"ziMo\":true,\"huPai\":true,\"fanNums\":1,\"zhuang\":true}]'),(7,100005,'974096',0,'2019-02-01 19:35:08',100012,100013,100014,100015,'11012345','11012345','11012345','11012345',0,3,-3,0,b'1',1,3,b'0',NULL,b'0',b'0',2,'[25,7,8,31,12,17,8,17,21,27,6,33,9,24,13,1,2,21,4,0,16,25,5,11,3,12,30,20,1,7,28,14,18,27,11,32,9,6,14,18,16,26,1,20,26,21,15,23,26]','[{\"shouPai\":[\"TONG_1\",\"TONG_3\",\"WAN_5\",\"WAN_6\",\"WAN_7\",\"FENG_XI\",\"FENG_XI\"],\"peng\":[\"TIAO_2\",\"TIAO_7\"],\"out\":[\"WAN_7\",\"SANYUAN_ZHONG\",\"TONG_7\",\"TIAO_8\",\"TIAO_5\",\"WAN_1\",\"TONG_3\",\"TIAO_6\",\"TIAO_3\",\"WAN_6\",\"SANYUAN_BEI\"],\"userId\":100012,\"userName\":\"11012345\",\"fan\":3},{\"shouPai\":[\"TONG_1\",\"TONG_5\",\"TIAO_1\",\"TIAO_5\",\"TIAO_8\",\"WAN_2\",\"WAN_5\",\"WAN_8\",\"FENG_DONG\",\"FENG_NAN\",\"FENG_BEI\",\"SANYUAN_ZHONG\",\"SANYUAN_FA\",\"SANYUAN_BEI\"],\"out\":[\"TONG_3\",\"TIAO_2\",\"SANYUAN_FA\",\"WAN_3\",\"TIAO_4\",\"WAN_8\",\"TONG_1\",\"TIAO_6\"],\"locationIndex\":1,\"fanResults\":[{\"baseFanType\":\"SHI_SAN_YAO\",\"jiaFans\":[\"MEN_QING\"],\"fan\":3,\"fanString\":\"十三幺 门清\"}],\"maxFanResult\":{\"baseFanType\":\"SHI_SAN_YAO\",\"jiaFans\":[\"MEN_QING\"],\"fan\":3,\"fanString\":\"十三幺 门清\"},\"userId\":100013,\"userName\":\"11012345\",\"score\":3,\"fan\":3,\"huPai\":true,\"fanNums\":3},{\"shouPai\":[\"TONG_5\",\"TONG_5\",\"TONG_7\",\"TONG_8\",\"TONG_9\",\"FENG_NAN\",\"FENG_XI\"],\"peng\":[\"TONG_4\"],\"chi\":[[\"FENG_NAN\",\"FENG_DONG\",\"FENG_XI\"]],\"out\":[\"TIAO_9\",\"TIAO_3\",\"TIAO_1\",\"TONG_2\",\"WAN_7\",\"TIAO_4\"],\"locationIndex\":2,\"userId\":100014,\"userName\":\"11012345\",\"score\":-3,\"fan\":3},{\"shouPai\":[\"WAN_3\",\"WAN_4\",\"WAN_5\",\"WAN_6\"],\"peng\":[\"WAN_2\",\"TONG_6\"],\"chi\":[[\"SANYUAN_ZHONG\",\"SANYUAN_FA\",\"SANYUAN_BEI\"]],\"out\":[\"TONG_9\",\"TONG_8\",\"WAN_9\",\"TIAO_5\",\"TIAO_9\",\"FENG_BEI\",\"FENG_BEI\",\"WAN_1\",\"WAN_5\"],\"locationIndex\":3,\"userId\":100015,\"userName\":\"11012345\",\"fan\":3,\"zhuang\":true}]');

#
# Structure for table "room_user"
#

DROP TABLE IF EXISTS `room_user`;
CREATE TABLE `room_user` (
  `user_id` int(11) NOT NULL COMMENT '用户id',
  `location_index` int(11) NOT NULL,
  `room_id` int(11) DEFAULT NULL,
  `start_date` datetime NOT NULL,
  `end_date` datetime DEFAULT NULL,
  `room_check_id` varchar(10) DEFAULT NULL COMMENT '房间的check-id,进入id,可以重复,但是不允许同时活跃状态的id 相同',
  `version` int(11) NOT NULL DEFAULT '0',
  PRIMARY KEY (`user_id`),
  KEY `user_id` (`user_id`),
  KEY `room_id` (`room_id`)
) ENGINE=InnoDB DEFAULT CHARSET=utf8mb4 ROW_FORMAT=DYNAMIC COMMENT='每一个玩家对应的房间';

#
# Data for table "room_user"
#

INSERT INTO `room_user` VALUES (100000,0,100003,'2019-01-25 20:56:36',NULL,'994256',0),(100002,0,100002,'2019-01-26 09:05:57',NULL,'998149',0),(100003,1,100002,'2018-07-10 21:44:59',NULL,'998149',0),(100004,2,100002,'2018-07-10 21:45:32',NULL,'998149',0),(100005,3,100002,'2018-07-13 19:32:05',NULL,'998149',0),(100007,1,100003,'2019-01-25 21:00:15',NULL,'994256',0),(100008,2,100003,'2019-01-25 21:00:53',NULL,'994256',0),(100009,3,100003,'2019-01-25 21:01:51',NULL,'994256',0),(100015,0,100008,'2019-02-01 21:14:42',NULL,'957342',0);

#
# Structure for table "setting"
#

DROP TABLE IF EXISTS `setting`;
CREATE TABLE `setting` (
  `id` int(11) NOT NULL COMMENT 'id 永远是1',
  `notice` mediumtext COMMENT '广告（首页）',
  `radio` mediumtext COMMENT '广播（跑马灯）',
  `payInfo` mediumtext COMMENT '充值信息',
  `agreement` mediumtext COMMENT '用户协议',
  `initGold` int(11) NOT NULL DEFAULT '0' COMMENT '用户默认房卡',
  PRIMARY KEY (`id`)
) ENGINE=InnoDB DEFAULT CHARSET=utf8mb4 ROW_FORMAT=DYNAMIC;

#
# Data for table "setting"
#

INSERT INTO `setting` VALUES (1,' 为了保障大家更加稳定畅快的享受游戏，XX服务器将于X月X日（周X）X：XX-X：XX停机进行例行维护，如在此时间内无法完成维护内容，开机时间将顺延，敬请相互转告，并提前做好准备。','抵制不良游戏, 拒绝盗版游戏。 注意自我保护, 谨防受骗上当。 适度游戏益脑, 沉迷游戏伤身。 合理安排时间, 享受健康生活。','充值金币请联系管理员，详情垂询QQ445763687\n欢迎您的垂询！诚招合作代理','1. 七果游戏服务条款的确认\n1.1 七果游戏的所有权与运作权归七果游戏（以下简称\"七果游戏\"或平台）所有。本服务条款具有法律约束力。\n1.2 一旦您点选\"注册\"并通过注册程序，即表示您自愿接受本协议之所有条款，并已成为七果游戏的注册用户。请用户务必在注册之前认真阅读全部服务协议内容，如有任何疑问，可向七果游戏咨询。\n1.4 用户在享用七果游戏网络用户服务的同时，同意接受七果游戏网络用户服务提供的各类信息服务。\n1.3 本服务协议所称的用户是指完全同意本服务协议所有条款（以下简称“服务条款”）并享用七果游戏提供相关服务的接受者。\n \n2. 服务内容\n2.1. 七果游戏会尽可能为用户提供高质量的服务并会根据实际情况对服务做出调整，如用户对调整后的服务有异议，可以选择不继续使用七果游戏服务。\n2.2. 七果游戏在向其用户提供相关网络服务，与相关网络服务有关的设备（如个人电脑、手机、及其他与接入互联网或移动网有关的装置）及所需的费用（如为接入互联网而支付的电话费及上网费、为使用移动网而支付的手机费）均由用户自行负担。\n2.3. 游戏收费服务，除特别提示之外，游戏客户端下载均为免费，游戏运行当中出现连接网络或者下载场景，激活软件，购买道具等操作，有可能被扣费。在出现上述情况之下，七果游戏不完全保证不被扣费。网络游戏是否收费，如何订购，退订，请与游戏运营商客服联系解决。\n3. 用户帐号及密码\n3.1 用户一旦注册成功，便成为七果游戏的注册用户，将得到一个密码和账号。用户有义务保证密码和账号的安全。用户对利用该密码和账号所进行的一切活动负全部责任；因此所衍生的任何损失或损害，快定网络无法也不会承担任何责任。\n3.2 用户的密码和账号遭到未授权的使用或发生其他任何安全问题，用户可以立即通知七果游戏。用户在每次连线结束，应结束账号使用，否则用户可能得不到七果游戏账号的安全保护。\n3.3 七果游戏禁止用户交易七果游戏账号，七果游戏有权收回用户交易的七果游戏账号。如果因用户交易七果游戏账号引起的任何纠纷，七果游戏不承担任何责任。\n4. 用户权责\n4.1. 用户有权按照七果游戏规定的程序和要求使用七果游戏向用户提供的各项网络服务，如果用户对该服务有异议，可以与七果游戏联系以便得到及时解决。\n4.2. 用户在申请使用七果游戏网络服务时，必须向七果游戏提供准确、真实的个人资料，如个人资料有任何变动，必须及时更新。用户保证不以他人资料进行注册或认证。否则因用户提供错误、不完整、不实信息等造成不能通过认证或遭受任何其他损失，由用户自行承担。\n4.3. 用户同意接受七果游戏通过电子邮件或其他方式向用户发送促销或其他相关商业信息。\n4.4. 用户不得利用本站的服务从事以下活动：\n1) 未经允许，进入计算机信息网络或者使用计算机信息网络资源；\n2) 未经允许，对计算机信息网络功能进行删除、修改或者增加；\n3) 未经允许，对进入计算机信息网络中存储、处理或者传输的数据和应用程序进行删除、修改或者增加；\n4) 故意制作、传播计算机病毒等破坏性程序；\n5) 其他危害计算机信息网络安全的行为。\n4.5. 用户不得以任何方式干扰本站的服务。\n4.6. 用户承诺遵守本站的所有其他规定和程序。\n5. 言论规范\n5.1. 用户在七果游戏的网页上发布信息或者利用七果游戏的服务时必须符合国家的法律法规以及国际法的有关规定。\n5.2. 对于用户通过七果游戏网上消息平台（包括但不限于论坛、BBS、评论）上传到七果游戏网站上可公开获取区域的任何内容，用户同意授予七果游戏在全世界范围内享有完全的、免费的、永久性的、不可撤销的、非独家的权利，以及再许可第三方的权利，以使用、复制、修改、改编、出版、翻译、据以创作衍生作品、传播、表演和展示此等内容（整体或部分），和/或将此等内容编入当前已知的或以后开发的其他任何形式的作品、媒体或技术中。\n5.3. 用户承诺不会在七果游戏的消息平台（包括但不限于论坛、BBS、评论）发布如下信息：\n1) 反对宪法所确定的基本原则的；\n2) 危害国家安全，泄露国家秘密，颠覆国家政权，破坏国家统一的；\n3) 损害国家荣誉和利益的；\n4) 煽动民族仇恨、民族歧视，破坏民族团结的；\n5) 破坏国家宗教政策，宣扬邪教和封建迷信的；\n6) 散布谣言，扰乱社会秩序，破坏社会稳定的；\n7) 散布淫秽、色情、赌博、暴力、凶杀、恐怖或者教唆犯罪的；\n8) 侮辱或者诽谤他人，侵害他人合法权益的；\n9) 含有法律、行政法规禁止的其他内容的。\n5.4. 用户单独为其发布在七果游戏上信息承担责任。用户若在七果游戏散布和传播违法信息，网络用户服务的系统记录有可能作为用户违法之证据。\n5.5. 如果用户违反上述规定，七果游戏有权要求其改正或直接采取一切必要措施（包括但不限于更改或删除用户发布的信息、中断或终止用户使用网络的权利等），以减轻用户不当行为所造成的影响。\n6. 服务条款的修改\n七果游戏保留依其自主判断在将来的任何时间变更、修改、增加或删除本服务协议条款的权利。所有修改的协议均构成本服务协议的一部分。七果游戏有权随时对服务条款进行修改，一旦发生服务条款的变动，七果游戏将公示修改的内容；当用户使用七果游戏账号的任何服务时，应接受七果游戏账号随时提供的与该服务相关的规则或说明，并且此规则或说明均构成本服务条款的一部分。用户如果不同意服务条款的修改，可以主动取消已经获得的服务；如果用户继续享用七果游戏服务，则视为用户已经接受服务条款的修改。\n用户隐私保护\n7.1. 七果游戏尊重用户的隐私权，不会公开、编辑或泄露任何有关用户的个人资料以及用户在使用网络服务时存储在七果游戏的非公开内容，但以下情况除外：\n1) 事先获得用户的明确授权；\n2) 遵守法律规定或七果游戏合法服务程序；\n3) 按照相关政府主管部门的合理要求；\n4) 维护社会公众利益；\n5) 维护七果游戏的合法权益；\n6) 符合其他合法要求。\n7.2. 平台可能会与第三方合作向用户提供相关的网络服务，在此情况下，如该第三方同意承担与平台同等的保护用户隐私的责任，则平台有权将用户的注册资料等提供给该第三方。\n7.3. 在不透露单个用户隐私资料的前提下，平台有权对整个用户数据库进行分析并对用户数据库进行商业上的利用。\n7.4. 七果游戏以以下隐私权保护原则，指导我们如何来处理产品中涉及到互联网用户隐私权和互联网用户信息等方面的问题:\n1) 利用我们收集的信息为互联网用户提供有价值的产品和服务。\n2) 尽最大的努力保护我们掌握的信息。\n7.5. 发生下列情况时七果游戏无需承担任何责任：\n1) 战争、事变、天灾地变等，不可抗力等情况。\n2) 使用者故意或过失所造成损害。\n3) 因通信服务提供业者方面造成之通信障碍。\n4) 由于用户将用户密码告知他人或与他人共享注册账户，由此导致的任何个人资料泄露。\n5) 任何由于黑客攻击、计算机病毒侵入或发作、因政府管制而造成的暂时性关闭等影响网络正常经营之不可抗力而造成的个人资料泄露、丢失、被盗用或被窜改等。\n6) 由于与七果游戏链接的其它网站所造成之个人资料泄露及由此而导致的任何法律争议和后果。\n7) 其他非七果游戏所能控制或掌握之事项。\n8. 服务的中断或终止\n8.1. 鉴于网络的不稳定性和特殊性，七果游戏在尽可能保证高质量服务的前提下保留随时中断其部分或全部网络服务的权利；除非遇到特殊情况（如停电，服务器故障等）七果游戏会提前通知用户关于可能遇到的服务中断情况，但并不为此对用户及任何第三方可能造成的不便或损失负责。\n8.2. 七果游戏有权在未事前通知的情况下在任何时候，暂时或永久地修改或终止本服务或其中任何一部分。七果游戏对本服务的修改或终止对用户和任何第三人不承担任何责任。\n8.3. 如发生下列任何一种情形，七果游戏有权随时中断或终止向用户提供本协议项下的网络服务，而无需对用户或任何第三方承担任何责任。\n1) 用户向七果游戏提供的个人资料不真实。\n2) 用户违反本协议的规则或不履行其所承担的义务。\n除此之外，用户可随时根据需要通知七果游戏终止向该用户提供服务，用户服务终止后，用户使用服务的权利同时终止。自用户服务终止之时起，七果游戏不再对该用户承担任何责任。\n9. 知识产权\n9.1. 七果游戏在网络服务中提供的任何文本、图片、图形、音频和视频资料均受版权、商标权以及其他相关法律法规的保护。未经七果游戏事先同意，任何人不能擅自复制、传播这些内容，或用于其他任何商业目的，所有这些资料或资料的任何部分仅可作为个人或非商业用途而保存在某台计算机内。\n9.2. 七果游戏为提供网络服务而使用的任何软件（包括但不限于软件中的任何文字、图形、音频、视频资料及其辅助资料）的一切权利属于该软件的著作权人，未经该著作权人同意，任何人不得对该软件进行反向工程、反向编译或反汇编。\n9.3. 如有著作权人发现用户在七果游戏发表的内容侵犯其著作权，并依《互联网著作权行政保护办法》、《信息网络传播保护条例》的规定向七果游戏发出书面通知并提供相关内容的著作权权属证明的，七果游戏有权在不事先通知用户的情况下自行移除相关内容，并依法保留相关数据。\n9.4. 若用户对9.3条指向内容依法享有发表权，可以向七果游戏及9.3条指向之著作权人一并发出说明被移除内容不侵犯其著作权的反通知，反通知应为书面形式，并包含如下内容：\n1) 明确的身份证明、住址、联系方式；\n2) 被移除内容的合法性证明；\n3) 被移除内容在互联网上的位置；\n4) 反通知内容的真实性声明。\n符合规定的反通知发出后，七果游戏有权恢复被移除内容。\n10. 未成年人上网安全指引\n10.1. 七果游戏不向未成年人提供服务。\n10.2. 在七果游戏进行付费充值服务的，应在监护人指导和监督下使用。\n10.3. 七果游戏网友要注意区分网络与现实的区别，避免沉迷于网络。\n10.4. 如有违法行为，七果游戏保留配合公安和电信部门追查的权利。七果游戏郑重提醒用户正确认识网络世界，重视参加网络活动的安全性，加强防范，确保安全。\n11. 免责声明\n11.1. 平台服务因涉及多方协作，如互联网运营商，移动通讯服务及通讯工具、服务器等,用户需承担如感染病毒、通信线路不稳定、系统不稳定、GSM网络不稳、会员操作失误、使用第三方工具、恶意破解、黑客攻击等不可抗及不可预知因素带来的问题。用户可以选择是否开通平台服务，一旦开通服务用户需承担以上风险，平台对包括但不限于以上因素所产生问题，不做稳定性保证，亦不承担任何责任。\n11.2. 七果游戏对任何因用户不正当或非法使用服务、在网上进行交易、或用户传送信息变动而产生的直接、间接、偶然、特殊及后续的损害不承担责任。\n11.3. 七果游戏对任何他人的威胁性的、诽谤性的、淫秽的、令人反感的或非法的内容或行为或对他人权利的侵犯（包括知识产权）不承担责任；并对任何第三方通过服务发送或在服务中包含的任何内容不承担责任。\n11.4. 用户明确同意其使用七果游戏服务所存在的风险以及使用七果游戏网络服务产生的一切后果由其自己承担。\n11.5. 平台服务如有任何异常情况，七果游戏承诺第一时间进行修复工作。所有修复工作，用户需全力配合，用户因平台异常产生的损失，七果游戏不承担任何责任。\n11.6. 平台提供的链接如涉及到国际互联网资源，用户可以决定是否使用，平台不保证这些网站对用户的可用性及链接网站信息的真实性。若用户使用本站外的其他网站，造成了损失或者问题，用户可以举报此网站，七果游戏会及时作出取消链接等处理，但七果游戏不承担直接或间接责任。\n11.7. 由于与七果游戏链接或合作的其它网站（如网上银行等）所造成的银行账户信息、身份信息泄露及由此而导致的任何法律争议和后果。\n11.8. 任何用户（包括未成年人用户）向平台提供错误、不完整、不实信息等造成不能通过认证或遭受任何其他损失，概与七果游戏无关。\n12. 赔偿\n因用户对本服务之使用而导致七果游戏遭受任何来自第三方之纠纷、诉讼及索赔要求，用户同意向七果游戏及其关联企业、职员赔偿相应损失（包括合理的律师费），并尽力使之免受损害。\n13. 通告\n七果游戏向用户发出的通知，可以采用电子邮件、页面公告、常规信件、电话或七果游戏认为适合的形式。服务条款的修改或其他事项变更时，七果游戏将会以上述形式进行通知。\n14. 法律的适用和管辖\n本服务条款的生效、履行、解释及争议的解决均适用中华人民共和国法律，发生的争议提交杭州仲裁委员会裁决。如果本服务协议中某项条款因与中华人民共和国现行法律相抵触而导致无效，将不影响其他部分的效力。\n15. 其他规定\n本协议中的标题仅为方便而设，在解释本协议时应被忽略。\n16. 全部协议\n本服务协议和七果游戏的其他服务条款构成完整的协议。\n17. 生效条件\n本协议自用户访问、浏览及使用七果游戏之时开始生效。',100);

#
# Structure for table "user"
#

DROP TABLE IF EXISTS `user`;
CREATE TABLE `user` (
  `id` int(11) NOT NULL AUTO_INCREMENT,
  `name` varchar(32) NOT NULL COMMENT '昵称',
  `open_id` varchar(128) NOT NULL,
  `uuid` varchar(64) NOT NULL COMMENT '用户唯一uuid',
  `avatar` varchar(256) DEFAULT NULL COMMENT '用户头像地址',
  `sex` int(11) NOT NULL COMMENT '0:女生,1:男生,2:未知',
  `create_date` datetime NOT NULL,
  `update_date` datetime NOT NULL,
  `version` int(11) NOT NULL DEFAULT '0',
  `gold` int(11) NOT NULL DEFAULT '0',
  `history_gold` int(11) NOT NULL DEFAULT '0',
  `level` int(11) NOT NULL DEFAULT '0' COMMENT '用户代理级别',
  `mobile` varchar(16) DEFAULT NULL,
  `login_token` varchar(64) DEFAULT NULL,
  `ip` varchar(32) DEFAULT '0' COMMENT 'ip',
  `longitude` double NOT NULL DEFAULT '0' COMMENT 'ip',
  `latitude` double NOT NULL DEFAULT '0' COMMENT 'ip',
  `password` varchar(128) NOT NULL COMMENT '密码',
  PRIMARY KEY (`id`),
  UNIQUE KEY `open_id` (`open_id`),
  UNIQUE KEY `uuid` (`uuid`),
  UNIQUE KEY `mobile` (`mobile`)
) ENGINE=InnoDB AUTO_INCREMENT=100017 DEFAULT CHARSET=utf8mb4 ROW_FORMAT=DYNAMIC COMMENT='用户';

#
# Data for table "user"
#

INSERT INTO `user` VALUES (100000,'d95700d6','d95700d6-901d-420f-a068-2ffb97be4e5c','402880fd644f4c8e01644f4c8e2b0000',NULL,0,'2018-06-30 14:06:15','2018-06-30 14:06:15',0,98,0,0,NULL,'a8c032ac-730c-440c-b163-070841b2d0ef','127.0.0.1',0,0,'ilsUosFSJWT'),(100001,'6d5060b0','6d5060b0-9c85-4753-9555-57b6f830e7ec','402880fd64504e8c016450525d700001',NULL,0,'2018-06-30 18:52:13','2018-06-30 18:52:13',0,0,0,0,NULL,'936c7d7d-c38b-4701-8a7b-e19c75365ef9','192.168.18.10',0,0,'YS1cIWhUQPJ'),(100002,'11023','11023','402880fd6450caac016450caacbe0000',NULL,0,'2018-06-30 21:03:37','2018-06-30 21:03:37',0,99,0,0,'11023','a61102b9-e3fc-434c-ac84-edbe0730633a','127.0.0.1',121.23,45.56,'Fku0XFS5C8F'),(100003,'11024','11024','402880fd648470200164847020c80000',NULL,0,'2018-07-10 21:44:58','2018-07-10 21:44:58',0,100,0,0,'11024','7cbbad48-9f9d-4543-ae4a-55f689766d39','127.0.0.1',121.23,45.56,'b2fC5EPDmG5'),(100004,'11025-谢','11025-谢','402880fd6484702001648470a2070001',NULL,0,'2018-07-10 21:45:31','2018-07-10 21:45:31',0,100,0,0,'11025-谢','5fe1de66-65e0-4bd7-bae3-6ea05194ebec','127.0.0.1',121.23,45.56,'3a1lPZvJRlv'),(100005,'11026-谢大','11026-谢大师傅','402880fd6484702001648470f6d00002',NULL,0,'2018-07-10 21:45:53','2018-07-10 21:45:53',0,100,0,0,'11026-谢大师傅','b2351596-096a-45ff-a908-cfeb489cf72e','127.0.0.1',121.23,45.56,'JWZnquMpe82'),(100006,'11023-谢大','11023-谢大师傅','402880fd64936b0c0164936b0cc70000',NULL,0,'2018-07-13 19:33:44','2018-07-13 19:33:44',0,100,0,0,'11023-谢大师傅','f9e492e1-12a7-4dcc-85a0-b3986c08e74e','127.0.0.1',121.23,45.56,'Er26TzUGrs0'),(100007,'600d94ef','600d94ef-6039-423f-927a-eade14695f69','4028928a6885155a01688518933b0001',NULL,0,'2019-01-25 21:00:07','2019-01-25 21:00:07',0,100,0,0,NULL,'cf4cb204-bd1f-41fa-acf3-40c7ce3687c2','192.168.18.5',31.238096,0,'SreMf6MRSf7'),(100008,'78bda2b8','78bda2b8-59d7-4cbe-947e-5964e567eae7','4028928a6885155a016885192b4a0002',NULL,0,'2019-01-25 21:00:46','2019-01-25 21:00:46',0,100,0,0,NULL,'cd9914f8-9fab-4a09-9f6c-b29549ff15fe','192.168.18.10',0,0,'NGgPXrgaLM0'),(100009,'12c6aeb5','12c6aeb5-4074-4bbc-8abb-53b0e692486e','4028928a6885155a0168851a0e120003',NULL,0,'2019-01-25 21:01:44','2019-01-25 21:01:44',0,100,0,0,NULL,'8fafa9c6-89ba-4dd8-9b51-9ce84f182e93','192.168.18.4',0,0,'2PnufvycAfX'),(100010,'25b95ae9','25b95ae9-7e6f-46f8-ae9c-4795577ac045','4028928a6885b322016885b322680000',NULL,0,'2019-01-25 23:48:56','2019-01-25 23:48:56',0,100,0,0,NULL,'f2fdd72b-d7b0-4987-82fc-7d9afab7f583','192.168.18.10',0,0,'Jgqyph8RXT6'),(100011,'04e910de','04e910de-9478-4c3b-8ecd-83e40fed4b38','4028928a6887a4bd016887a4be000000',NULL,0,'2019-01-26 08:52:27','2019-01-26 08:52:27',0,99,0,0,NULL,'ef0fde7a-d6f7-403a-ad3f-3144580b5b6b','127.0.0.1',0,0,'86G0hDFFkrH'),(100012,'11012345','11012345678','4028928a68a8b7220168a8b722230000',NULL,0,'2019-02-01 19:00:01','2019-02-01 19:00:01',0,98,0,0,'11012345678','5570e8f7-03a8-48fa-9325-6d37f189c74d','192.168.18.10',0,0,'fDMtuPaj6ua'),(100013,'11012345','11012345677','4028928a68a8b7220168a8b8a6c50002',NULL,0,'2019-02-01 19:01:40','2019-02-01 19:01:40',0,99,0,0,'11012345677','6f30b985-590d-4884-8f97-35eb10541166','192.168.18.4',31.238074,0,'lyB0ebU9kNz'),(100014,'11012345','11012345676','4028928a68a8b7220168a8b964ca0003',NULL,0,'2019-02-01 19:02:29','2019-02-01 19:02:29',0,100,0,0,'11012345676','eaa58d56-32ab-4d80-a8e6-f35e8c4bd81b','192.168.18.10',0,0,'skb3vDiN7ax'),(100015,'11012345','11012345675','4028928a68a8b7220168a8ba83930004',NULL,0,'2019-02-01 19:03:42','2019-02-01 19:03:42',0,100,0,0,'11012345675','6c993aef-35b0-4f1d-8533-1aa60bd5f157','192.168.18.5',0,0,'vybtGVd5a2v'),(100016,'112aebcb','112aebcb-89a2-47de-bf31-ba412b13f1ae','4028928a68a91af70168a9261d890001',NULL,0,'2019-02-01 21:01:14','2019-02-01 21:01:14',0,100,0,0,NULL,'dec7828a-52bf-49ee-908d-bfe4f85194f8','192.168.18.10',0,0,'eLpKpsNbqYc');

#
# Structure for table "user_agent_token"
#

DROP TABLE IF EXISTS `user_agent_token`;
CREATE TABLE `user_agent_token` (
  `id` int(11) NOT NULL AUTO_INCREMENT,
  `user_id` bigint(20) NOT NULL COMMENT '用户id',
  `token` varchar(64) DEFAULT NULL COMMENT '登录token',
  `create_time` bigint(20) DEFAULT NULL COMMENT '创建时间',
  PRIMARY KEY (`id`),
  KEY `token` (`token`)
) ENGINE=InnoDB DEFAULT CHARSET=utf8mb4 ROW_FORMAT=DYNAMIC COMMENT='用户代理平台登录token';

#
# Data for table "user_agent_token"
#


#
# Structure for table "user_link_room"
#

DROP TABLE IF EXISTS `user_link_room`;
CREATE TABLE `user_link_room` (
  `id` int(11) NOT NULL AUTO_INCREMENT COMMENT '牌局id',
  `user_id` int(11) NOT NULL COMMENT '用户id',
  `room_id` int(11) NOT NULL COMMENT '房间id',
  `room_check_id` varchar(10) DEFAULT NULL COMMENT '房间的check-id,进入id,可以重复,但是不允许同时活跃状态的id 相同',
  `user0` int(11) NOT NULL COMMENT '用户0',
  `user1` int(11) NOT NULL COMMENT '用户1',
  `user2` int(11) NOT NULL COMMENT '用户2',
  `user3` int(11) NOT NULL COMMENT '用户3',
  `userName0` varchar(32) DEFAULT NULL COMMENT '用户0',
  `userName1` varchar(32) DEFAULT NULL COMMENT '用户1',
  `userName2` varchar(32) DEFAULT NULL COMMENT '用户2',
  `userName3` varchar(32) DEFAULT NULL COMMENT '用户3',
  `score0` int(11) NOT NULL COMMENT '积分0',
  `score1` int(11) NOT NULL COMMENT '积分1',
  `score2` int(11) NOT NULL COMMENT '积分2',
  `score3` int(11) NOT NULL COMMENT '积分3',
  `start_date` datetime NOT NULL,
  `end_date` datetime DEFAULT NULL,
  `chapter_nums` int(11) NOT NULL,
  PRIMARY KEY (`id`),
  KEY `user_id` (`user_id`)
) ENGINE=InnoDB AUTO_INCREMENT=5 DEFAULT CHARSET=utf8mb4 ROW_FORMAT=DYNAMIC COMMENT='游戏房间';

#
# Data for table "user_link_room"
#

INSERT INTO `user_link_room` VALUES (1,100012,100005,'974096',100012,100013,100014,100015,'11012345','11012345','11012345','11012345',-2,2,-5,5,'2019-02-01 19:01:00','2019-02-01 19:57:18',6),(2,100013,100005,'974096',100012,100013,100014,100015,'11012345','11012345','11012345','11012345',-2,2,-5,5,'2019-02-01 19:01:00','2019-02-01 19:57:18',6),(3,100014,100005,'974096',100012,100013,100014,100015,'11012345','11012345','11012345','11012345',-2,2,-5,5,'2019-02-01 19:01:00','2019-02-01 19:57:18',6),(4,100015,100005,'974096',100012,100013,100014,100015,'11012345','11012345','11012345','11012345',-2,2,-5,5,'2019-02-01 19:01:00','2019-02-01 19:57:18',6);

#
# Structure for table "user_login_log"
#

DROP TABLE IF EXISTS `user_login_log`;
CREATE TABLE `user_login_log` (
  `id` int(11) NOT NULL AUTO_INCREMENT,
  `user_id` int(11) NOT NULL COMMENT '用户id',
  `login_date` datetime NOT NULL,
  `logout_date` datetime DEFAULT NULL,
  `longitude` double DEFAULT NULL COMMENT '经度',
  `latitude` double DEFAULT NULL COMMENT '纬度',
  `ip` varchar(64) NOT NULL COMMENT 'ip',
  `version` int(11) NOT NULL DEFAULT '0',
  `login_token` varchar(64) DEFAULT NULL,
  PRIMARY KEY (`id`)
) ENGINE=InnoDB AUTO_INCREMENT=506 DEFAULT CHARSET=utf8mb4 ROW_FORMAT=DYNAMIC;

#
# Data for table "user_login_log"
#

INSERT INTO `user_login_log` VALUES (1,100000,'2018-06-30 14:06:15','2018-06-30 14:07:04',NULL,NULL,'127.0.0.1',0,'0b78facb-c030-4590-aff1-86b668e8d63f'),(2,100000,'2018-06-30 14:19:40','2018-06-30 14:19:43',NULL,NULL,'127.0.0.1',0,'f5e9b6be-4de1-43e0-9c98-89b550f618a4'),(3,100000,'2018-06-30 17:01:16','2018-06-30 17:02:47',NULL,NULL,'127.0.0.1',0,'7e30f864-7fad-4a20-9a9f-a7648d31df17'),(4,100000,'2018-06-30 17:02:48','2018-06-30 17:02:54',NULL,NULL,'127.0.0.1',0,'a4520920-c51c-459d-92ab-c7336750d4a6'),(5,100000,'2018-06-30 17:03:04','2018-06-30 17:27:06',NULL,NULL,'127.0.0.1',0,'b9e0bb33-e790-4a95-92a2-440ad83acde4'),(6,100000,'2018-06-30 17:31:26','2018-06-30 18:40:37',NULL,NULL,'127.0.0.1',0,'b6404f30-49fc-4242-88ab-d48f93ce27f3'),(7,100000,'2018-06-30 18:47:54','2018-06-30 18:48:25',NULL,NULL,'127.0.0.1',0,'991779b8-9fb4-408a-9e2b-786e2d18203f'),(8,100000,'2018-06-30 18:48:47','2018-06-30 18:51:37',NULL,NULL,'127.0.0.1',0,'bae0a845-6a0d-4f34-b829-31d2d0df8881'),(9,100001,'2018-06-30 18:52:13','2018-06-30 18:53:23',NULL,NULL,'127.0.0.1',0,'0fcf00ce-6165-4d04-a0ea-27413a04ad4a'),(10,100001,'2018-06-30 18:53:30','2018-06-30 18:53:51',NULL,NULL,'127.0.0.1',0,'be6d3148-b900-4fb5-82a1-04b118729851'),(11,100001,'2018-06-30 19:23:19','2018-06-30 19:23:26',NULL,NULL,'127.0.0.1',0,'c9550db1-7838-496b-89cb-59d0a89b29dc'),(12,100001,'2018-06-30 19:23:33','2018-06-30 19:23:41',NULL,NULL,'127.0.0.1',0,'bc854fde-cdd8-4460-a5fe-2196568c834b'),(13,100001,'2018-06-30 19:23:58','2018-06-30 19:24:05',NULL,NULL,'127.0.0.1',0,'b57dacd4-b317-4af5-9cf2-8fcf82cc341c'),(14,100001,'2018-06-30 19:24:57','2018-06-30 19:25:05',NULL,NULL,'127.0.0.1',0,'5dbdbba7-0232-4d31-9a2a-1bf3a20456fa'),(15,100001,'2018-06-30 19:25:16','2018-06-30 19:25:24',NULL,NULL,'127.0.0.1',0,'a273465b-d1d7-47f0-90bd-f55b89730540'),(16,100001,'2018-06-30 19:26:18','2018-06-30 19:26:26',NULL,NULL,'127.0.0.1',0,'d21c2fce-345c-48f0-a128-1dbbaae35f0c'),(17,100000,'2018-06-30 19:27:26','2018-06-30 19:29:10',NULL,NULL,'127.0.0.1',0,'990c6943-2003-4b12-aca0-b84f1134077c'),(18,100002,'2018-06-30 21:03:37','2018-06-30 21:08:47',NULL,NULL,'127.0.0.1',0,'8ff3f29b-516d-4888-8ea2-3e111926d5de'),(19,100002,'2018-06-30 21:08:57','2018-06-30 21:09:20',NULL,NULL,'127.0.0.1',0,'36bf1dd5-fd96-4605-85c7-a7eec04d838c'),(20,100002,'2018-06-30 21:09:28','2018-06-30 21:09:30',NULL,NULL,'127.0.0.1',0,'e4595c13-408b-4099-8a15-2fdd5b557a77'),(21,100002,'2018-06-30 21:09:42','2018-06-30 21:17:56',NULL,NULL,'127.0.0.1',0,'caf12ac3-015d-4ee4-88b8-805455ee3b2a'),(22,100002,'2018-06-30 21:24:01',NULL,NULL,NULL,'127.0.0.1',0,'62c9fc55-478f-4793-b202-f7d2c9096be5'),(23,100002,'2018-06-30 21:26:37','2018-06-30 21:27:41',NULL,NULL,'127.0.0.1',0,'a60baff5-a46a-417a-b21c-f6a8f4faed4e'),(24,100002,'2018-06-30 21:27:53',NULL,NULL,NULL,'127.0.0.1',0,'cc16cb9b-7b0e-4cf0-ab0d-c37ec3d8c4e9'),(25,100002,'2018-06-30 21:28:27','2018-06-30 21:29:49',NULL,NULL,'127.0.0.1',0,'37a779d0-c1fd-429e-bcb9-f45eb8d8e898'),(26,100002,'2018-06-30 21:29:58','2018-06-30 21:31:04',NULL,NULL,'127.0.0.1',0,'a7b6ee84-ebd4-4df2-bfc6-05a91b21d0f1'),(27,100002,'2018-06-30 21:31:13','2018-06-30 21:32:10',NULL,NULL,'127.0.0.1',0,'f485070d-4c83-4cc8-ae39-2c08b5194664'),(28,100002,'2018-06-30 21:34:06','2018-06-30 21:37:32',NULL,NULL,'127.0.0.1',0,'9193aa83-36c4-4db0-a6b8-93de5cd1febd'),(29,100002,'2018-06-30 21:43:36','2018-06-30 21:47:18',NULL,NULL,'127.0.0.1',0,'8252a1bc-0419-4740-bdb5-14ac598fe5b5'),(30,100002,'2018-06-30 21:48:38','2018-06-30 21:48:54',NULL,NULL,'127.0.0.1',0,'90a168ea-4f92-489f-919a-b134e8c4dd10'),(31,100002,'2018-06-30 21:50:35','2018-06-30 21:54:30',NULL,NULL,'127.0.0.1',0,'11889b5a-8544-42ce-ad5e-07cb054e3f6d'),(32,100002,'2018-06-30 21:56:00','2018-06-30 21:56:09',NULL,NULL,'127.0.0.1',0,'ff8cff22-c767-45f8-ae9e-7bda3f4fe1b6'),(33,100002,'2018-06-30 22:58:04','2018-06-30 22:58:14',NULL,NULL,'127.0.0.1',0,'5629a9bf-0aae-4a37-85d3-2f8cc71cf9c9'),(34,100002,'2018-07-01 15:41:00','2018-07-01 15:42:58',NULL,NULL,'127.0.0.1',0,'74d414b8-5cf5-47cd-a6bc-f66b6e4602b2'),(35,100002,'2018-07-01 15:42:58','2018-07-01 15:43:15',NULL,NULL,'127.0.0.1',0,'ef2c16b6-d1e5-48fe-af23-66e82df8bde3'),(36,100002,'2018-07-01 15:43:16','2018-07-01 15:54:45',NULL,NULL,'127.0.0.1',0,'724a4749-91ef-4686-8c20-91a85f36a19a'),(37,100002,'2018-07-01 16:13:58','2018-07-01 16:17:09',NULL,NULL,'127.0.0.1',0,'2abf39b4-3757-4370-9559-a2b58046eba7'),(38,100002,'2018-07-01 16:51:58','2018-07-01 16:52:31',NULL,NULL,'127.0.0.1',0,'93e605e4-0bc3-415b-9170-3649841baa03'),(39,100002,'2018-07-01 16:54:11','2018-07-01 16:55:50',NULL,NULL,'127.0.0.1',0,'fc73ea57-7cb6-4bbb-894c-db285f744be8'),(40,100002,'2018-07-01 16:55:52','2018-07-01 16:56:46',NULL,NULL,'127.0.0.1',0,'cb4654de-620c-494c-aedd-82c5a80aad77'),(41,100002,'2018-07-01 16:56:46','2018-07-01 16:59:18',NULL,NULL,'127.0.0.1',0,'65fa62dc-04c0-4456-bbbe-2c4c45211ea8'),(42,100002,'2018-07-01 16:59:20','2018-07-01 17:00:56',NULL,NULL,'127.0.0.1',0,'75fd65b4-84f7-4f66-b43f-63502a6131ea'),(43,100002,'2018-07-01 17:01:56','2018-07-01 17:03:07',NULL,NULL,'127.0.0.1',0,'f9ccb412-ad77-4794-b2eb-663ed18635f7'),(44,100002,'2018-07-01 17:03:07','2018-07-01 17:03:12',NULL,NULL,'127.0.0.1',0,'7f0f1cc1-1455-46c2-9249-c7e5ae608590'),(45,100002,'2018-07-01 17:03:16','2018-07-01 17:03:45',NULL,NULL,'127.0.0.1',0,'82f99001-a2ee-4e40-bc2d-88c0f0d3f649'),(46,100002,'2018-07-01 17:03:45','2018-07-01 17:03:53',NULL,NULL,'127.0.0.1',0,'9a26bacc-fb5b-4263-a3a0-589771940930'),(47,100002,'2018-07-01 17:03:55','2018-07-01 17:04:04',NULL,NULL,'127.0.0.1',0,'5aa60891-db69-4286-b876-316040ae6c22'),(48,100002,'2018-07-01 17:04:58','2018-07-01 17:05:02',NULL,NULL,'127.0.0.1',0,'3a4f19dc-7613-44d9-a470-c4357d197263'),(49,100002,'2018-07-01 17:05:03','2018-07-01 17:07:06',NULL,NULL,'127.0.0.1',0,'ad5afb59-35d7-440d-8d67-718e14309ffb'),(50,100002,'2018-07-01 17:08:19','2018-07-01 17:09:15',NULL,NULL,'127.0.0.1',0,'68fb222e-ecfc-45e8-ad4e-a8101436296b'),(51,100002,'2018-07-01 17:09:15','2018-07-01 17:09:19',NULL,NULL,'127.0.0.1',0,'c87dd80c-c786-468f-81b3-384ec2371704'),(52,100002,'2018-07-01 17:10:01','2018-07-01 17:13:40',NULL,NULL,'127.0.0.1',0,'67c8df4a-3c78-4247-902e-001de8feb3a6'),(53,100002,'2018-07-01 17:13:40','2018-07-01 17:14:09',NULL,NULL,'127.0.0.1',0,'8f867aa6-8284-4efe-a77e-76c7e73b2faf'),(54,100002,'2018-07-01 17:14:12','2018-07-01 17:14:18',NULL,NULL,'127.0.0.1',0,'03f4ac1f-8026-4b40-a3e6-0398a8cb34ad'),(55,100002,'2018-07-01 17:14:20','2018-07-01 17:20:36',NULL,NULL,'127.0.0.1',0,'a583ba8c-41ec-4931-b549-185e69da631f'),(56,100002,'2018-07-01 17:23:40','2018-07-01 17:23:55',NULL,NULL,'127.0.0.1',0,'31ede796-aec1-4483-ab31-657132118d98'),(57,100002,'2018-07-01 17:23:58','2018-07-01 17:24:04',NULL,NULL,'127.0.0.1',0,'8e01379d-92df-4964-a4e2-fb50cae49204'),(58,100002,'2018-07-01 17:33:23','2018-07-01 17:35:24',NULL,NULL,'127.0.0.1',0,'36474db0-4fa5-4576-831d-73699118536e'),(59,100002,'2018-07-01 17:35:24','2018-07-01 17:35:28',NULL,NULL,'127.0.0.1',0,'31239a2f-2313-4b00-acc3-3551ebb085e7'),(60,100002,'2018-07-01 17:36:40','2018-07-01 17:36:45',NULL,NULL,'127.0.0.1',0,'f0f6f9b1-bb24-41b3-925c-53b9ea87365e'),(61,100002,'2018-07-01 17:36:46','2018-07-01 17:40:01',NULL,NULL,'127.0.0.1',0,'dbcaae4b-3b38-4775-95d6-844818e3cdda'),(62,100002,'2018-07-01 17:40:04','2018-07-01 17:40:12',NULL,NULL,'127.0.0.1',0,'411ef35f-adc9-46db-94ce-24a105b3f920'),(63,100002,'2018-07-01 17:40:14','2018-07-01 17:40:43',NULL,NULL,'127.0.0.1',0,'74e3447c-02d5-4e68-9907-3f7dc0a5429a'),(64,100002,'2018-07-01 17:40:45','2018-07-01 17:47:27',NULL,NULL,'127.0.0.1',0,'736ea37a-9936-4214-b878-72e4c941e5d3'),(65,100002,'2018-07-01 17:47:27','2018-07-01 17:47:28',NULL,NULL,'127.0.0.1',0,'a832156c-8282-424c-b8a0-05c87b0fef14'),(66,100002,'2018-07-01 17:49:08','2018-07-01 17:49:09',NULL,NULL,'127.0.0.1',0,'8fac8672-e700-46eb-be40-1abd3dcc5d33'),(67,100002,'2018-07-01 17:51:33','2018-07-01 17:51:34',NULL,NULL,'127.0.0.1',0,'27e0d4c6-91ca-4ab5-8a87-ebd6ab063ace'),(68,100002,'2018-07-01 17:52:22','2018-07-01 17:52:23',NULL,NULL,'127.0.0.1',0,'6a51cf78-6893-468a-ac93-27fa4d7cc302'),(69,100002,'2018-07-01 17:53:00','2018-07-01 17:53:01',NULL,NULL,'127.0.0.1',0,'390f5829-ba66-43bd-8695-a9b35101fba0'),(70,100002,'2018-07-01 17:53:44','2018-07-01 17:56:05',NULL,NULL,'127.0.0.1',0,'cb27f4cf-da84-40e0-9483-1bfb9ff6d1b6'),(71,100002,'2018-07-01 17:56:05','2018-07-01 17:56:51',NULL,NULL,'127.0.0.1',0,'546ec2d3-2587-4cc3-ad9a-f13e9a938683'),(72,100002,'2018-07-01 17:56:54','2018-07-01 17:57:57',NULL,NULL,'127.0.0.1',0,'647b33b9-8090-439a-a3da-fc6ca48a01c9'),(73,100002,'2018-07-01 17:57:57','2018-07-01 17:58:02',NULL,NULL,'127.0.0.1',0,'688ae396-5dea-469f-857a-f112ce91efb7'),(74,100002,'2018-07-01 17:58:04','2018-07-01 17:58:06',NULL,NULL,'127.0.0.1',0,'d20144b4-7a2e-4729-8fae-63c29b03d236'),(75,100002,'2018-07-01 17:58:07','2018-07-01 18:02:18',NULL,NULL,'127.0.0.1',0,'f5d3fb74-852b-43c5-a64e-f96514f80524'),(76,100002,'2018-07-01 18:02:27',NULL,NULL,NULL,'127.0.0.1',0,'81264a1c-ab5e-4fcb-a920-afd0ac701a8a'),(77,100002,'2018-07-01 18:03:58','2018-07-01 18:04:45',NULL,NULL,'127.0.0.1',0,'bb1fe284-a159-447c-91bb-6da3e9e7f523'),(78,100002,'2018-07-01 18:06:37','2018-07-01 18:06:37',NULL,NULL,'127.0.0.1',0,'b0337fd1-a50a-4251-8df1-0d34b895048a'),(79,100002,'2018-07-01 18:06:39','2018-07-01 18:07:09',NULL,NULL,'127.0.0.1',0,'22741b3b-1772-4a69-9a73-725bb6f6bc4b'),(80,100002,'2018-07-01 18:09:06','2018-07-01 18:11:35',NULL,NULL,'127.0.0.1',0,'169bb81a-f9c4-482c-bf75-c86c064b2f38'),(81,100002,'2018-07-01 18:11:40','2018-07-01 18:11:51',NULL,NULL,'127.0.0.1',0,'4c0a5745-4cf7-43e1-8d71-031ca7cb1abb'),(82,100002,'2018-07-01 18:11:53','2018-07-01 18:12:59',NULL,NULL,'127.0.0.1',0,'14a200fb-acd3-4dac-936c-d3f0f2862cf7'),(83,100002,'2018-07-01 18:12:59','2018-07-01 18:13:20',NULL,NULL,'127.0.0.1',0,'740bd90f-2650-472d-9612-b322575c3c15'),(84,100002,'2018-07-01 18:13:22','2018-07-01 18:14:32',NULL,NULL,'127.0.0.1',0,'3d46c942-67c3-4cbb-a882-83189569ab38'),(85,100002,'2018-07-01 18:31:18','2018-07-01 18:31:42',NULL,NULL,'127.0.0.1',0,'9abd3895-fcd4-4cac-abcc-ad53653163c4'),(86,100002,'2018-07-01 18:31:45','2018-07-01 18:33:02',NULL,NULL,'127.0.0.1',0,'3b2c32ac-3533-4d90-9cb8-e4a4107e3922'),(87,100002,'2018-07-01 18:33:05','2018-07-01 18:33:10',NULL,NULL,'127.0.0.1',0,'cdd9a322-ac68-4c6a-8c0d-f85a61298db0'),(88,100002,'2018-07-01 18:33:12','2018-07-01 18:34:22',NULL,NULL,'127.0.0.1',0,'f30e6c57-231f-4f24-9c63-808bc69bb962'),(89,100002,'2018-07-01 18:34:22','2018-07-01 18:35:53',NULL,NULL,'127.0.0.1',0,'5782be3e-e7e4-4dd7-9c5b-bb81cce93027'),(90,100002,'2018-07-01 18:35:53','2018-07-01 18:47:56',NULL,NULL,'127.0.0.1',0,'9e9873fe-d0bb-495d-bc16-44cfc154a39a'),(91,100002,'2018-07-01 19:07:38','2018-07-01 19:08:40',NULL,NULL,'127.0.0.1',0,'dc055c04-1627-428a-89ad-214f39846421'),(92,100002,'2018-07-01 19:08:47','2018-07-01 19:08:50',NULL,NULL,'127.0.0.1',0,'2eb0c805-581f-4d96-a184-3a46238c2e2f'),(93,100002,'2018-07-01 19:08:52','2018-07-01 19:10:33',NULL,NULL,'127.0.0.1',0,'871aeb65-9e30-4852-85ba-5334df5ec960'),(94,100002,'2018-07-01 19:10:39','2018-07-01 19:13:20',NULL,NULL,'127.0.0.1',0,'f8b14f56-cce2-4aa9-94a8-4f587b924893'),(95,100002,'2018-07-01 19:13:20','2018-07-01 19:14:11',NULL,NULL,'127.0.0.1',0,'d9d4ffc5-a69b-4550-8b69-0f19f91cb976'),(96,100002,'2018-07-01 19:14:15','2018-07-01 19:15:24',NULL,NULL,'127.0.0.1',0,'5d0fd0d0-2061-474e-98b7-b55b4aa86fa6'),(97,100002,'2018-07-01 19:15:24','2018-07-01 19:16:17',NULL,NULL,'127.0.0.1',0,'ce9daf00-3b71-410e-9d4a-d2a8cbd7069f'),(98,100002,'2018-07-01 19:16:24','2018-07-01 19:17:32',NULL,NULL,'127.0.0.1',0,'de461063-5926-4868-b436-de2664321405'),(99,100002,'2018-07-01 19:17:37','2018-07-01 19:18:25',NULL,NULL,'127.0.0.1',0,'51ca06e5-509c-4d01-aa0f-35557e15e704'),(100,100002,'2018-07-01 19:18:31','2018-07-01 19:18:37',NULL,NULL,'127.0.0.1',0,'0572c39f-8223-46a6-9ee8-9e09078e6dc8'),(101,100002,'2018-07-01 19:19:43','2018-07-01 19:20:09',NULL,NULL,'127.0.0.1',0,'e4a96328-b25a-4b29-aa7e-e893b8d944b7'),(102,100002,'2018-07-01 19:20:16','2018-07-01 19:21:55',NULL,NULL,'127.0.0.1',0,'f2681814-f557-4563-ad04-7505866e2390'),(103,100002,'2018-07-01 19:21:55','2018-07-01 19:22:07',NULL,NULL,'127.0.0.1',0,'7d4e75f5-bb87-4adf-bbc6-4d9bd705e9d3'),(104,100002,'2018-07-01 19:23:14','2018-07-01 19:24:12',NULL,NULL,'127.0.0.1',0,'7186bf1d-8194-40d7-a44c-89476b70e158'),(105,100002,'2018-07-01 19:24:15','2018-07-01 19:25:37',NULL,NULL,'127.0.0.1',0,'da2c05e5-e027-4d04-82f1-de7b4ff49f75'),(106,100002,'2018-07-01 19:25:43','2018-07-01 19:57:30',NULL,NULL,'127.0.0.1',0,'d1b1af1c-340f-4c1f-8f16-73f6a13f4182'),(107,100002,'2018-07-01 19:57:36','2018-07-01 19:57:50',NULL,NULL,'127.0.0.1',0,'bf96225c-8645-4089-81aa-25651800a7b0'),(108,100002,'2018-07-01 19:57:52','2018-07-01 19:58:23',NULL,NULL,'127.0.0.1',0,'c4df50df-dc73-4785-b4f1-616826b2afed'),(109,100002,'2018-07-01 19:58:27','2018-07-01 19:59:31',NULL,NULL,'127.0.0.1',0,'f26c6ab6-c0d1-462f-9ecd-a81d8a1f10fb'),(110,100002,'2018-07-01 19:59:35','2018-07-01 19:59:52',NULL,NULL,'127.0.0.1',0,'85e8586a-a3d7-4610-8809-564e28cb4d61'),(111,100002,'2018-07-01 20:03:08','2018-07-01 20:03:28',NULL,NULL,'127.0.0.1',0,'7e3aa6fa-6100-4b5e-8760-72a17396c3d2'),(112,100002,'2018-07-01 20:04:04','2018-07-01 20:04:09',NULL,NULL,'127.0.0.1',0,'16a2d798-22c9-4aff-97d7-67a3d07d2f5c'),(113,100002,'2018-07-01 20:06:38','2018-07-01 20:08:53',NULL,NULL,'127.0.0.1',0,'48e864ff-587f-4e50-ac7a-a0b588f07c15'),(114,100002,'2018-07-01 20:08:53','2018-07-01 20:08:55',NULL,NULL,'127.0.0.1',0,'e77da99b-8cc0-4a27-9fca-379080c2a8b0'),(115,100002,'2018-07-01 20:10:35','2018-07-01 20:18:48',NULL,NULL,'127.0.0.1',0,'002839ad-7e59-402c-a659-c82502fe6edd'),(116,100002,'2018-07-01 20:18:48','2018-07-01 20:19:28',NULL,NULL,'127.0.0.1',0,'1c01e59e-7ac4-4008-a23f-747faab8fa56'),(117,100002,'2018-07-01 20:19:42','2018-07-01 20:20:04',NULL,NULL,'127.0.0.1',0,'7904036f-b1aa-42ee-8364-4951f2b0cb10'),(118,100002,'2018-07-01 20:20:28','2018-07-01 20:21:00',NULL,NULL,'127.0.0.1',0,'56ee031a-7bfa-40ae-8bd8-1cd02085aa55'),(119,100002,'2018-07-01 21:11:57','2018-07-01 21:13:05',NULL,NULL,'127.0.0.1',0,'0e2730a1-59d0-4e7f-a77b-8d6874c4edb6'),(120,100002,'2018-07-01 21:27:25','2018-07-01 21:27:27',NULL,NULL,'127.0.0.1',0,'a05df16a-ca2d-499c-a05c-e6152baa46d2'),(121,100002,'2018-07-03 21:16:40','2018-07-03 21:28:14',NULL,NULL,'127.0.0.1',0,'e936ccef-06cc-4122-8b8f-2b0325d7c30e'),(122,100002,'2018-07-03 21:47:37','2018-07-03 21:53:04',NULL,NULL,'127.0.0.1',0,'4cb642e2-cbc3-4744-af26-d7bd727a1fa2'),(123,100002,'2018-07-03 22:18:00','2018-07-03 22:18:03',NULL,NULL,'127.0.0.1',0,'675e78ae-3b77-440f-a5a2-c19c0f7ec13c'),(124,100002,'2018-07-03 22:18:28','2018-07-03 22:19:39',NULL,NULL,'127.0.0.1',0,'96e0870f-6de8-4c03-8360-f2ae3038af5c'),(125,100002,'2018-07-03 22:19:48','2018-07-03 22:19:51',NULL,NULL,'127.0.0.1',0,'0de22108-8657-475d-8fa5-5da0110dbb5c'),(126,100002,'2018-07-03 22:21:11','2018-07-03 22:21:49',NULL,NULL,'127.0.0.1',0,'0b411637-b92f-4eeb-84e0-6f23a3586553'),(127,100002,'2018-07-03 22:22:31','2018-07-03 22:24:13',NULL,NULL,'127.0.0.1',0,'8079a139-96ba-4f58-9e37-b65b45972d06'),(128,100002,'2018-07-03 22:24:45','2018-07-03 22:27:05',NULL,NULL,'127.0.0.1',0,'f2a7ffd9-a746-4a88-b9b1-09ab1fe04f5e'),(129,100002,'2018-07-03 22:34:45','2018-07-03 22:35:29',NULL,NULL,'127.0.0.1',0,'b9f7d3f4-e502-4302-b410-4f185d42b459'),(130,100002,'2018-07-03 22:35:38','2018-07-03 22:36:39',NULL,NULL,'127.0.0.1',0,'0e8a865d-22c2-4965-b614-ce1bac4d4246'),(131,100002,'2018-07-03 22:36:49','2018-07-03 22:38:21',NULL,NULL,'127.0.0.1',0,'ef05e915-3e2d-4121-bcc6-9fda5b806133'),(132,100002,'2018-07-03 22:38:29','2018-07-03 22:43:03',NULL,NULL,'127.0.0.1',0,'c8537e36-d77b-4394-acdb-59b52141a62c'),(133,100002,'2018-07-03 22:52:56','2018-07-03 22:58:23',NULL,NULL,'127.0.0.1',0,'1dea85f2-92a2-40db-ae59-2f8fc5635369'),(134,100002,'2018-07-03 22:58:32','2018-07-03 22:58:50',NULL,NULL,'127.0.0.1',0,'6a47ed0d-3771-4920-8f35-ff7bf2a06a10'),(135,100002,'2018-07-03 22:59:31','2018-07-03 23:00:23',NULL,NULL,'127.0.0.1',0,'bd498ed5-462c-46b9-bad2-b9efd592d6fc'),(136,100002,'2018-07-03 23:00:33','2018-07-03 23:00:37',NULL,NULL,'127.0.0.1',0,'418b164e-a42d-4b60-97c8-cb1a921938f0'),(137,100002,'2018-07-03 23:00:52','2018-07-03 23:00:59',NULL,NULL,'127.0.0.1',0,'9cbc3a18-21d2-4530-995c-0becd3bdac9d'),(138,100002,'2018-07-03 23:03:11','2018-07-03 23:03:14',NULL,NULL,'127.0.0.1',0,'4a1fcbdf-dd85-4373-8a51-951ab45c9f12'),(139,100002,'2018-07-03 23:03:35','2018-07-03 23:03:39',NULL,NULL,'127.0.0.1',0,'dcdc8c52-39a0-4892-89ef-b4dda9f3c285'),(140,100002,'2018-07-03 23:04:24','2018-07-03 23:04:30',NULL,NULL,'127.0.0.1',0,'7c880b07-2c65-476d-a0fa-1be91e3f144b'),(141,100002,'2018-07-03 23:04:56','2018-07-03 23:05:01',NULL,NULL,'127.0.0.1',0,'fe107ab2-1bd9-4859-aedb-72676f40bfec'),(142,100002,'2018-07-03 23:05:55','2018-07-03 23:06:03',NULL,NULL,'127.0.0.1',0,'5e828776-1540-464d-90a6-199291c10f80'),(143,100002,'2018-07-03 23:06:25','2018-07-03 23:06:36',NULL,NULL,'127.0.0.1',0,'e8abbdeb-67a6-4e7e-b265-cdb649995eb3'),(144,100002,'2018-07-03 23:07:58','2018-07-03 23:08:20',NULL,NULL,'127.0.0.1',0,'be94d3c0-873b-4d92-94d6-e70b394a1b74'),(145,100002,'2018-07-03 23:08:29','2018-07-03 23:09:43',NULL,NULL,'127.0.0.1',0,'4e9b23fd-7729-4072-8828-c64d05f3872a'),(146,100002,'2018-07-03 23:09:51','2018-07-03 23:11:41',NULL,NULL,'127.0.0.1',0,'716e8bb3-79dc-4c03-bdcf-4c4fba066b07'),(147,100002,'2018-07-03 23:14:22','2018-07-03 23:15:54',NULL,NULL,'127.0.0.1',0,'3bf79319-3012-4243-b13c-1b45be908114'),(148,100002,'2018-07-03 23:16:03','2018-07-03 23:16:43',NULL,NULL,'127.0.0.1',0,'1765f2a3-6f5e-405d-887e-8d6466e29373'),(149,100002,'2018-07-03 23:16:51','2018-07-03 23:17:17',NULL,NULL,'127.0.0.1',0,'24f7ce86-94cf-44dc-87aa-a7e8f12181cd'),(150,100002,'2018-07-03 23:17:26','2018-07-03 23:19:20',NULL,NULL,'127.0.0.1',0,'a4529a88-0a5d-4984-bfb4-5c1d33f524f2'),(151,100002,'2018-07-04 20:30:27','2018-07-04 20:31:04',NULL,NULL,'127.0.0.1',0,'19961b6a-3073-4c26-beff-d2156eb1e1f0'),(152,100002,'2018-07-04 20:31:09','2018-07-04 20:34:18',NULL,NULL,'127.0.0.1',0,'b12b18ee-4331-475e-8e82-0579012f0340'),(153,100002,'2018-07-04 20:34:25','2018-07-04 20:38:01',NULL,NULL,'127.0.0.1',0,'c8c6a165-060e-4bc7-8db0-1493fd319e21'),(154,100002,'2018-07-04 20:38:08','2018-07-04 20:40:06',NULL,NULL,'127.0.0.1',0,'92dbdf45-fc6b-4387-8b88-b608e4ad7898'),(155,100002,'2018-07-04 20:40:14','2018-07-04 20:40:51',NULL,NULL,'127.0.0.1',0,'3d598666-aee4-49b7-a1fb-184093c8b17a'),(156,100002,'2018-07-04 20:40:58','2018-07-04 20:41:23',NULL,NULL,'127.0.0.1',0,'4966357f-5244-4a57-8b64-d4b2d448a309'),(157,100002,'2018-07-04 20:41:29','2018-07-04 20:41:43',NULL,NULL,'127.0.0.1',0,'24529066-d890-428b-980b-022d20b1c807'),(158,100002,'2018-07-04 20:42:10','2018-07-04 20:42:28',NULL,NULL,'127.0.0.1',0,'8f62d6c4-1660-4735-b061-140d27a2ecc8'),(159,100002,'2018-07-04 20:42:35','2018-07-04 20:42:58',NULL,NULL,'127.0.0.1',0,'80050b0c-ed6d-4632-a816-984046ab5709'),(160,100002,'2018-07-04 20:43:05','2018-07-04 20:43:09',NULL,NULL,'127.0.0.1',0,'b7d12123-7228-48c0-b3b9-600abea25bea'),(161,100002,'2018-07-04 20:43:30','2018-07-04 20:43:36',NULL,NULL,'127.0.0.1',0,'5aee5c7f-833d-4d84-a6b9-7218c8885a21'),(162,100002,'2018-07-04 20:43:54','2018-07-04 20:44:09',NULL,NULL,'127.0.0.1',0,'8178ce99-b3d6-4a1b-ae4c-2d3d9e1fa48b'),(163,100002,'2018-07-04 20:44:17','2018-07-04 20:45:27',NULL,NULL,'127.0.0.1',0,'6f2053bc-fe57-41e0-b9bb-0fae869537c2'),(164,100002,'2018-07-04 20:45:34','2018-07-04 20:45:43',NULL,NULL,'127.0.0.1',0,'64a2a5c8-462e-4136-ae8e-44fbebfb071e'),(165,100002,'2018-07-04 20:48:28','2018-07-04 20:48:42',NULL,NULL,'127.0.0.1',0,'d72920e4-6076-4de5-9a49-afeea2363e2a'),(166,100002,'2018-07-04 20:48:45','2018-07-04 20:51:26',NULL,NULL,'127.0.0.1',0,'a5d2024e-1153-4c5f-867c-601247018da4'),(167,100002,'2018-07-04 20:51:36','2018-07-04 20:53:40',NULL,NULL,'127.0.0.1',0,'da86c748-ce5d-4d8c-b0c5-dc7f97506237'),(168,100002,'2018-07-04 20:53:47','2018-07-04 21:07:28',NULL,NULL,'127.0.0.1',0,'190aca5f-96ab-43c5-aa5a-8f07118cb749'),(169,100002,'2018-07-04 21:11:24','2018-07-04 21:11:46',NULL,NULL,'127.0.0.1',0,'adec31cd-0db9-4844-b126-a0c86d2c7283'),(170,100002,'2018-07-04 21:12:09','2018-07-04 21:14:04',NULL,NULL,'127.0.0.1',0,'0a00d531-6866-4a05-b36a-8df67dee5e73'),(171,100002,'2018-07-04 21:14:20','2018-07-04 21:19:10',NULL,NULL,'127.0.0.1',0,'6493fcfb-36c4-41c4-9e07-3088ed840d53'),(172,100002,'2018-07-04 21:19:58','2018-07-04 21:25:01',NULL,NULL,'127.0.0.1',0,'130e91a3-d9c3-43fa-97a5-727f5fa0a127'),(173,100002,'2018-07-04 21:25:34','2018-07-04 21:31:10',NULL,NULL,'127.0.0.1',0,'d6c12b7c-acc5-43e5-936c-a47ea0b5157c'),(174,100002,'2018-07-04 21:31:18','2018-07-04 21:32:23',NULL,NULL,'127.0.0.1',0,'dc6ae53b-15ee-49f6-bd6c-98e2a56afe16'),(175,100002,'2018-07-04 21:34:16','2018-07-04 21:34:18',NULL,NULL,'127.0.0.1',0,'22c7fcda-6687-42a5-bc0b-9ca34ec88d10'),(176,100002,'2018-07-04 21:44:16','2018-07-04 21:44:20',NULL,NULL,'127.0.0.1',0,'5a08223e-1705-4cca-a934-4a1637a690a0'),(177,100002,'2018-07-04 21:44:48','2018-07-04 21:44:52',NULL,NULL,'127.0.0.1',0,'91879eb3-a61c-40b5-9c91-67880ae681e7'),(178,100002,'2018-07-04 21:45:22','2018-07-04 21:45:26',NULL,NULL,'127.0.0.1',0,'7a0d6a19-21e9-4e65-a296-7b564378b5bb'),(179,100002,'2018-07-04 21:46:12','2018-07-04 21:46:23',NULL,NULL,'127.0.0.1',0,'f143d9a9-7877-4935-861c-6a917300f896'),(180,100002,'2018-07-04 21:48:09','2018-07-04 21:48:14',NULL,NULL,'127.0.0.1',0,'6d5e5b5e-eba0-4517-8355-92985a3fbf55'),(181,100002,'2018-07-04 21:49:30','2018-07-04 21:49:39',NULL,NULL,'127.0.0.1',0,'200b4f0d-dc2c-404e-9d4d-a324e9dc6977'),(182,100002,'2018-07-04 21:50:14','2018-07-04 21:51:44',NULL,NULL,'127.0.0.1',0,'1bfef521-54a5-40a8-b433-7141e9d04a7b'),(183,100002,'2018-07-04 21:53:17','2018-07-04 21:53:20',NULL,NULL,'127.0.0.1',0,'82137a2d-0e8f-4d4f-8c66-495f4e65714e'),(184,100002,'2018-07-04 21:54:54','2018-07-04 21:56:31',NULL,NULL,'127.0.0.1',0,'d856b0e8-d295-4f08-9bd7-6d572f9aec0c'),(185,100002,'2018-07-04 21:56:42','2018-07-04 21:57:26',NULL,NULL,'127.0.0.1',0,'1f12342c-bd96-42c5-9faa-c1a6dcf96d1e'),(186,100002,'2018-07-04 21:57:38','2018-07-04 21:58:03',NULL,NULL,'127.0.0.1',0,'7db47913-fb0f-47db-98ad-ae4e4a90a34b'),(187,100002,'2018-07-04 21:58:11','2018-07-04 21:58:35',NULL,NULL,'127.0.0.1',0,'e43792a3-c771-4c52-9c9c-10e9f255ae9c'),(188,100002,'2018-07-04 21:59:14','2018-07-04 21:59:23',NULL,NULL,'127.0.0.1',0,'63668eca-e88a-499e-8674-5ccd33045691'),(189,100002,'2018-07-04 22:00:03','2018-07-04 22:00:15',NULL,NULL,'127.0.0.1',0,'9c9b49fe-b8d6-4b54-9de1-7cc85f8ccd8c'),(190,100002,'2018-07-04 22:00:52','2018-07-04 22:00:56',NULL,NULL,'127.0.0.1',0,'31550358-89ba-4238-a96f-6f386f279617'),(191,100002,'2018-07-04 22:01:09','2018-07-04 22:01:54',NULL,NULL,'127.0.0.1',0,'65e7443e-c8ad-4bf7-8f57-b30ce13379bb'),(192,100002,'2018-07-04 22:05:46','2018-07-04 22:06:26',NULL,NULL,'127.0.0.1',0,'060708be-78ec-41f4-9c7e-de59eaa73bbc'),(193,100002,'2018-07-09 20:20:48','2018-07-09 20:20:52',NULL,NULL,'127.0.0.1',0,'5e499dd9-d8c7-47a8-9ea3-586c8439b48d'),(194,100002,'2018-07-09 20:27:43','2018-07-09 20:27:46',NULL,NULL,'127.0.0.1',0,'f8b386b4-46b1-4f31-a11a-5eed01fcf1e6'),(195,100002,'2018-07-09 20:28:50','2018-07-09 20:28:56',NULL,NULL,'127.0.0.1',0,'f9d7dae0-4046-4c7d-8496-f449c793d73d'),(196,100002,'2018-07-09 20:39:12','2018-07-09 20:39:25',NULL,NULL,'127.0.0.1',0,'6c36a82c-ac56-433f-a0a4-56cc948ac7a9'),(197,100002,'2018-07-09 20:46:50','2018-07-09 20:47:57',NULL,NULL,'127.0.0.1',0,'7b586440-be7e-4024-8cf5-cda92197b3ec'),(198,100002,'2018-07-09 20:48:06','2018-07-09 20:48:15',NULL,NULL,'127.0.0.1',0,'97005113-23da-4a85-a775-a06836c12193'),(199,100002,'2018-07-09 20:48:40','2018-07-09 20:48:54',NULL,NULL,'127.0.0.1',0,'e00b1b1c-8c52-4fa4-bea0-c2b58008dcdc'),(200,100002,'2018-07-09 20:56:53','2018-07-09 20:57:01',NULL,NULL,'127.0.0.1',0,'3a2fc7b8-b904-4666-a5b3-0c66c68d99c8'),(201,100002,'2018-07-09 21:09:53','2018-07-09 21:10:04',NULL,NULL,'127.0.0.1',0,'379c12d4-1506-446a-875d-dc229e58dc18'),(202,100002,'2018-07-09 21:14:29','2018-07-09 21:14:38',NULL,NULL,'127.0.0.1',0,'58b12b5a-28f7-44ea-a51a-8c87636aefaa'),(203,100002,'2018-07-09 21:15:21','2018-07-09 21:15:56',NULL,NULL,'127.0.0.1',0,'2353b5de-015a-4438-83db-3e7a4be24491'),(204,100002,'2018-07-09 21:16:32','2018-07-09 21:16:36',NULL,NULL,'127.0.0.1',0,'8a8c77d0-f8b3-4755-b85c-3518051ddd2f'),(205,100002,'2018-07-09 21:19:36','2018-07-09 21:20:01',NULL,NULL,'127.0.0.1',0,'bc992040-66d1-45f2-963a-edeb3da66598'),(206,100002,'2018-07-09 21:21:24','2018-07-09 21:21:48',NULL,NULL,'127.0.0.1',0,'0f6f40f6-31f2-45bf-87f5-f00e3718829f'),(207,100002,'2018-07-09 21:23:16','2018-07-09 21:24:22',NULL,NULL,'127.0.0.1',0,'ed3c1f08-18d4-4190-9141-7b61bc2b215f'),(208,100002,'2018-07-09 21:25:31','2018-07-09 21:25:38',NULL,NULL,'127.0.0.1',0,'a6da408b-abc7-4330-9884-a86ae00648e1'),(209,100002,'2018-07-09 21:30:48','2018-07-09 21:30:53',NULL,NULL,'127.0.0.1',0,'9377baf3-1150-4a31-9155-6d2d9dda0647'),(210,100002,'2018-07-09 21:31:29','2018-07-09 21:31:45',NULL,NULL,'127.0.0.1',0,'1ed137e7-15ce-4b51-9be0-1a7e8ca173f8'),(211,100002,'2018-07-09 21:32:58','2018-07-09 21:33:02',NULL,NULL,'127.0.0.1',0,'30fb583a-5a66-414b-b9a6-0bb6c9eba100'),(212,100002,'2018-07-09 21:33:56','2018-07-09 21:34:03',NULL,NULL,'127.0.0.1',0,'e612fe7e-71ff-49d6-b24e-89305deac297'),(213,100002,'2018-07-09 21:34:34','2018-07-09 21:34:53',NULL,NULL,'127.0.0.1',0,'ba7681e9-8c03-4787-9900-340d63fa164b'),(214,100002,'2018-07-09 21:35:15','2018-07-09 21:35:20',NULL,NULL,'127.0.0.1',0,'da01dcae-bfd4-49da-a724-b4bc080a6e70'),(215,100002,'2018-07-09 21:35:35','2018-07-09 21:35:42',NULL,NULL,'127.0.0.1',0,'c372f243-ea57-4734-acbd-bdb2ca33e8cd'),(216,100002,'2018-07-09 21:36:26','2018-07-09 21:36:50',NULL,NULL,'127.0.0.1',0,'9a56bdc0-3bb3-42b0-952f-99680b18708f'),(217,100002,'2018-07-09 21:37:33','2018-07-09 21:37:41',NULL,NULL,'127.0.0.1',0,'cf2d40ab-aabe-4a31-be9f-66fb3c444973'),(218,100002,'2018-07-09 21:38:28','2018-07-09 21:39:39',NULL,NULL,'127.0.0.1',0,'df0e4cfc-3f67-4261-ac69-62ce22b43a8a'),(219,100002,'2018-07-09 21:53:54','2018-07-09 21:54:05',NULL,NULL,'127.0.0.1',0,'bdfb3154-c822-43fc-99d0-6a17ebcb23bf'),(220,100002,'2018-07-09 22:00:01','2018-07-09 22:00:08',NULL,NULL,'127.0.0.1',0,'0b337134-8015-45bb-8078-7963909191f0'),(221,100002,'2018-07-09 22:01:01','2018-07-09 22:01:06',NULL,NULL,'127.0.0.1',0,'0cc623cf-34f3-4390-a21e-4209204a67cb'),(222,100002,'2018-07-09 22:01:16','2018-07-09 22:02:04',NULL,NULL,'127.0.0.1',0,'985d21e2-283e-45c9-8653-b1b79ab555bc'),(223,100002,'2018-07-09 22:02:36','2018-07-09 22:02:47',NULL,NULL,'127.0.0.1',0,'b82b2cd9-9682-4705-b2c8-79e0b0f39a60'),(224,100002,'2018-07-09 22:03:32','2018-07-09 22:03:49',NULL,NULL,'127.0.0.1',0,'2454427d-c8dd-485c-b7ab-94e5ff6dccb3'),(225,100002,'2018-07-09 22:04:20','2018-07-09 22:05:09',NULL,NULL,'127.0.0.1',0,'f336e5c3-0198-40e3-98a2-79ba49913da3'),(226,100002,'2018-07-09 22:08:01','2018-07-09 22:09:14',NULL,NULL,'127.0.0.1',0,'d58fe8eb-c925-40bd-b87f-bbd524b0959d'),(227,100002,'2018-07-09 22:30:44','2018-07-09 22:30:57',NULL,NULL,'127.0.0.1',0,'9523d992-b550-4682-8824-0d231758733f'),(228,100002,'2018-07-09 22:31:28','2018-07-09 22:32:05',NULL,NULL,'127.0.0.1',0,'eab74b6a-ef48-4f7c-b600-ead526d2802e'),(229,100002,'2018-07-09 22:32:37','2018-07-09 22:32:46',NULL,NULL,'127.0.0.1',0,'5c3c8b73-3129-462c-9b08-73040124f416'),(230,100002,'2018-07-09 22:33:32','2018-07-09 22:33:45',NULL,NULL,'127.0.0.1',0,'849a1e52-e62d-4b52-b4bb-0eb81d20e1b0'),(231,100002,'2018-07-09 22:34:31','2018-07-09 22:34:38',NULL,NULL,'127.0.0.1',0,'53872751-32d6-4224-a29d-4af2e3db2b44'),(232,100002,'2018-07-09 22:35:11','2018-07-09 22:35:16',NULL,NULL,'127.0.0.1',0,'9e9288c3-59e5-404d-b4d3-518fde61e884'),(233,100002,'2018-07-09 22:35:46','2018-07-09 22:35:51',NULL,NULL,'127.0.0.1',0,'57ef0eda-38f6-4ba6-8526-c2c8fa7eadf0'),(234,100002,'2018-07-09 22:41:41','2018-07-09 22:41:59',NULL,NULL,'127.0.0.1',0,'d33b921b-b69f-4e55-a91a-9c28301e78fe'),(235,100002,'2018-07-09 22:43:53','2018-07-09 22:43:57',NULL,NULL,'127.0.0.1',0,'5ec83fb1-a38a-4b48-8aa8-2af665702bc3'),(236,100002,'2018-07-09 22:44:47','2018-07-09 22:44:59',NULL,NULL,'127.0.0.1',0,'0fbc9191-66e5-4d24-823b-6314bc348b35'),(237,100002,'2018-07-09 22:45:31','2018-07-09 22:45:44',NULL,NULL,'127.0.0.1',0,'3ff626b2-c9c0-41c8-ae2b-fd69cd1f3aa2'),(238,100002,'2018-07-09 22:46:07','2018-07-09 22:46:11',NULL,NULL,'127.0.0.1',0,'628e3120-f97f-4d7e-ab7a-c84aad93a993'),(239,100002,'2018-07-09 22:46:28','2018-07-09 22:46:51',NULL,NULL,'127.0.0.1',0,'26175379-c63b-4942-a228-90213dff8f8c'),(240,100002,'2018-07-09 22:48:04','2018-07-09 22:48:32',NULL,NULL,'127.0.0.1',0,'be7cbe9b-5e55-43d5-9f7c-3e9d9afc6396'),(241,100002,'2018-07-09 22:49:20','2018-07-09 22:49:28',NULL,NULL,'127.0.0.1',0,'c1fd01f6-a372-4b8f-967f-3cc8942e4580'),(242,100002,'2018-07-09 22:50:27','2018-07-09 22:50:39',NULL,NULL,'127.0.0.1',0,'80ac3f39-03fb-470d-8071-f147555db800'),(243,100002,'2018-07-09 22:51:32','2018-07-09 22:51:46',NULL,NULL,'127.0.0.1',0,'9316c2c1-8df1-4349-a71e-3fee4991e016'),(244,100002,'2018-07-09 23:01:09','2018-07-09 23:01:56',NULL,NULL,'127.0.0.1',0,'1ada6e90-ea1a-4a1e-ba9f-53ed954f3317'),(245,100002,'2018-07-09 23:02:24','2018-07-09 23:02:44',NULL,NULL,'127.0.0.1',0,'7155f516-6d77-44b3-94ce-23e3a8d28981'),(246,100002,'2018-07-09 23:03:14','2018-07-09 23:03:33',NULL,NULL,'127.0.0.1',0,'aaa2c743-378b-4c8f-8f3e-6fbaf8f40f31'),(247,100002,'2018-07-09 23:04:13','2018-07-09 23:04:17',NULL,NULL,'127.0.0.1',0,'bd55a14e-1a00-4803-9de7-d1d191e28a04'),(248,100002,'2018-07-09 23:04:33','2018-07-09 23:05:00',NULL,NULL,'127.0.0.1',0,'fe4cc6ba-d5f0-4d68-b708-139ea56b4266'),(249,100002,'2018-07-09 23:05:23','2018-07-09 23:05:30',NULL,NULL,'127.0.0.1',0,'fc5bb616-8129-4e89-8abd-71c45627a794'),(250,100002,'2018-07-09 23:05:43','2018-07-09 23:09:36',NULL,NULL,'127.0.0.1',0,'a0a4330d-8c5e-4214-8989-723f1f8831a8'),(251,100002,'2018-07-09 23:09:45','2018-07-09 23:09:59',NULL,NULL,'127.0.0.1',0,'25fd84bb-f98c-4068-ac1e-a835fd8b0366'),(252,100002,'2018-07-09 23:10:50','2018-07-09 23:11:00',NULL,NULL,'127.0.0.1',0,'cf04480d-d2c3-498f-ad0c-1f84cc7400df'),(253,100002,'2018-07-09 23:11:31','2018-07-09 23:11:44',NULL,NULL,'127.0.0.1',0,'6632e367-0d5c-4efa-b42f-5b4f071b41b0'),(254,100002,'2018-07-09 23:13:05','2018-07-09 23:13:22',NULL,NULL,'127.0.0.1',0,'120c2a64-f887-4201-a913-61463e681dfd'),(255,100002,'2018-07-09 23:14:03','2018-07-09 23:14:19',NULL,NULL,'127.0.0.1',0,'1ad3bcd1-0028-41d5-a672-64caf40876b2'),(256,100002,'2018-07-09 23:16:09','2018-07-09 23:16:23',NULL,NULL,'127.0.0.1',0,'ea6e79ec-c520-4116-be34-f43e0945cfb2'),(257,100002,'2018-07-09 23:17:32','2018-07-09 23:17:52',NULL,NULL,'127.0.0.1',0,'c02c05e2-62e1-4e24-8b4a-a7168a76b704'),(258,100002,'2018-07-09 23:18:18','2018-07-09 23:18:32',NULL,NULL,'127.0.0.1',0,'accb2b56-0682-4bf1-a976-07d7ac6ec9a6'),(259,100002,'2018-07-09 23:18:51','2018-07-09 23:19:30',NULL,NULL,'127.0.0.1',0,'14905b6c-6561-43ce-a5da-85166b4a0081'),(260,100002,'2018-07-09 23:22:26','2018-07-09 23:22:33',NULL,NULL,'127.0.0.1',0,'39b0a237-448b-4597-af3f-1105ade03bce'),(261,100002,'2018-07-09 23:23:26','2018-07-09 23:29:38',NULL,NULL,'127.0.0.1',0,'824e306e-121a-49b4-9511-d07acd842ee1'),(262,100002,'2018-07-09 23:29:46','2018-07-09 23:29:54',NULL,NULL,'127.0.0.1',0,'03bf04f8-1355-49c5-9f94-cf36ad6e8808'),(263,100002,'2018-07-10 20:06:29','2018-07-10 20:10:53',NULL,NULL,'127.0.0.1',0,'e5542f5f-2274-4a17-8e13-77b9adcf0412'),(264,100002,'2018-07-10 20:11:32','2018-07-10 20:18:47',NULL,NULL,'127.0.0.1',0,'bb3e52b6-64a1-4341-a0c5-0aeea7fc49c6'),(265,100002,'2018-07-10 20:18:56','2018-07-10 20:19:38',NULL,NULL,'127.0.0.1',0,'972cad46-ed24-49c7-8871-e3e801dcc080'),(266,100002,'2018-07-10 20:19:58','2018-07-10 20:20:09',NULL,NULL,'127.0.0.1',0,'e96dc3bb-d263-4066-b698-7b73ad1df31d'),(267,100002,'2018-07-10 20:20:29','2018-07-10 20:20:37',NULL,NULL,'127.0.0.1',0,'87a8269c-283d-4af0-84aa-7729991b6036'),(268,100002,'2018-07-10 20:21:00','2018-07-10 20:21:14',NULL,NULL,'127.0.0.1',0,'7acbc776-7dd9-4fab-8e67-dd958e3beb7c'),(269,100002,'2018-07-10 20:23:27','2018-07-10 20:23:52',NULL,NULL,'127.0.0.1',0,'54575f01-51f0-4f8c-87cd-2055c339370c'),(270,100002,'2018-07-10 20:24:41','2018-07-10 20:26:12',NULL,NULL,'127.0.0.1',0,'a4d5d766-10c5-4711-9aa6-53997ef050cb'),(271,100002,'2018-07-10 20:26:29','2018-07-10 20:27:14',NULL,NULL,'127.0.0.1',0,'45457b47-ab8d-4b61-bea6-bcbf7105fa8e'),(272,100002,'2018-07-10 20:28:56','2018-07-10 20:29:11',NULL,NULL,'127.0.0.1',0,'0310b4d1-76d8-4cba-b2d2-df6133746af8'),(273,100002,'2018-07-10 20:29:36','2018-07-10 20:33:34',NULL,NULL,'127.0.0.1',0,'71c7f040-7c2c-454c-ac17-a18f271184ec'),(274,100002,'2018-07-10 20:34:01','2018-07-10 20:34:59',NULL,NULL,'127.0.0.1',0,'583702b8-d291-4d57-a253-691af1867c0b'),(275,100002,'2018-07-10 20:35:28','2018-07-10 20:35:48',NULL,NULL,'127.0.0.1',0,'707e687d-2387-4150-b3fd-4532e23866f0'),(276,100002,'2018-07-10 20:36:40','2018-07-10 20:36:46',NULL,NULL,'127.0.0.1',0,'eb237dd0-886d-4ac0-b8c1-4e203f0aedec'),(277,100002,'2018-07-10 20:36:58','2018-07-10 20:37:04',NULL,NULL,'127.0.0.1',0,'7427674c-a588-4cad-a3bf-f8ec6c3d1695'),(278,100002,'2018-07-10 20:37:16','2018-07-10 20:37:23',NULL,NULL,'127.0.0.1',0,'20d7db2c-8daf-4824-823d-8867d25e0386'),(279,100002,'2018-07-10 20:38:15','2018-07-10 20:38:25',NULL,NULL,'127.0.0.1',0,'44ba0add-de03-4ab0-b18a-8e3b1e3ef337'),(280,100002,'2018-07-10 20:38:47','2018-07-10 20:38:58',NULL,NULL,'127.0.0.1',0,'cfd19d88-0420-49ee-92d6-7d5455920bf4'),(281,100002,'2018-07-10 20:40:01','2018-07-10 20:40:08',NULL,NULL,'127.0.0.1',0,'d9e37c0c-e5b1-43a9-a0db-c116daeb60e6'),(282,100002,'2018-07-10 20:40:26','2018-07-10 20:40:35',NULL,NULL,'127.0.0.1',0,'e36f994a-239f-4f6e-bf82-0d12bf4785d5'),(283,100002,'2018-07-10 20:41:25','2018-07-10 20:41:36',NULL,NULL,'127.0.0.1',0,'5f879997-ca9b-489d-82fa-d3a44faec559'),(284,100002,'2018-07-10 20:42:03','2018-07-10 20:42:38',NULL,NULL,'127.0.0.1',0,'6e0d1945-69a4-4ed0-a05a-76a8b132c859'),(285,100002,'2018-07-10 20:42:58','2018-07-10 20:44:21',NULL,NULL,'127.0.0.1',0,'01cd357b-d275-4b5b-86f2-52b9da79709c'),(286,100002,'2018-07-10 20:44:29','2018-07-10 20:44:40',NULL,NULL,'127.0.0.1',0,'50e7cee0-3f35-4004-9d54-d813b77358c3'),(287,100002,'2018-07-10 20:45:13','2018-07-10 20:45:21',NULL,NULL,'127.0.0.1',0,'6510efca-9a94-40e8-8d11-3199f02688a9'),(288,100002,'2018-07-10 20:45:37','2018-07-10 20:45:57',NULL,NULL,'127.0.0.1',0,'ba80581d-f777-4ae2-bcdc-9c26b2796f96'),(289,100002,'2018-07-10 20:46:12','2018-07-10 20:46:25',NULL,NULL,'127.0.0.1',0,'cbade5db-d56a-41a2-935e-d222f2c37c34'),(290,100002,'2018-07-10 20:46:40','2018-07-10 20:48:36',NULL,NULL,'127.0.0.1',0,'9d16c772-f5ab-4c05-b048-4b050f9b2003'),(291,100002,'2018-07-10 20:49:00','2018-07-10 20:50:47',NULL,NULL,'127.0.0.1',0,'f656efe1-ed92-455d-bb6e-03262e641bb5'),(292,100002,'2018-07-10 20:51:15','2018-07-10 20:56:24',NULL,NULL,'127.0.0.1',0,'7d50804c-6e5e-41ac-9903-58603cfa8067'),(293,100002,'2018-07-10 20:56:32','2018-07-10 20:57:54',NULL,NULL,'127.0.0.1',0,'a398e8e3-3731-4d1e-89e5-45e4b71f42d8'),(294,100002,'2018-07-10 20:58:03','2018-07-10 20:59:20',NULL,NULL,'127.0.0.1',0,'04277cce-51ef-4d81-bed0-a2bd9a5bb217'),(295,100002,'2018-07-10 20:59:28','2018-07-10 20:59:46',NULL,NULL,'127.0.0.1',0,'5f9ce7fb-ee7c-4903-a9e7-2fc28d4a0a6c'),(296,100002,'2018-07-10 20:59:55','2018-07-10 21:00:05',NULL,NULL,'127.0.0.1',0,'3b21fb2a-4fda-43da-bfdd-42e8d0978d77'),(297,100002,'2018-07-10 21:00:31','2018-07-10 21:00:40',NULL,NULL,'127.0.0.1',0,'48bee5f6-cb4a-487a-ac69-be78ad711dad'),(298,100002,'2018-07-10 21:01:09','2018-07-10 21:01:24',NULL,NULL,'127.0.0.1',0,'5f3b9587-5b94-4d9e-b3fd-668a88030905'),(299,100002,'2018-07-10 21:02:27','2018-07-10 21:03:36',NULL,NULL,'127.0.0.1',0,'890ec935-f401-4760-a7ac-29b18d27c317'),(300,100002,'2018-07-10 21:04:09','2018-07-10 21:08:55',NULL,NULL,'127.0.0.1',0,'e5c397fe-482e-4eca-a02e-d28591ea74c8'),(301,100002,'2018-07-10 21:21:26','2018-07-10 21:21:33',NULL,NULL,'127.0.0.1',0,'56283c08-d9bc-4eca-bcfd-984b96ec7d42'),(302,100002,'2018-07-10 21:23:58','2018-07-10 21:24:07',NULL,NULL,'127.0.0.1',0,'4be5f6ff-7e40-4c45-a251-a7c5e63a5b27'),(303,100002,'2018-07-10 21:26:55','2018-07-10 21:27:10',NULL,NULL,'127.0.0.1',0,'4a99103b-6a02-49a5-aa0e-8786b274e159'),(304,100002,'2018-07-10 21:28:48','2018-07-10 21:34:16',NULL,NULL,'127.0.0.1',0,'0ebce4f6-fbbe-4ed9-8d3b-e7946e61e287'),(305,100002,'2018-07-10 21:36:26','2018-07-10 21:36:41',NULL,NULL,'127.0.0.1',0,'75713e85-0070-4512-8d7e-e4c85adb9db2'),(306,100002,'2018-07-10 21:37:18','2018-07-10 21:39:55',NULL,NULL,'127.0.0.1',0,'20eed803-ab86-439d-8d27-6beb67331282'),(307,100002,'2018-07-10 21:40:23','2018-07-10 21:40:55',NULL,NULL,'127.0.0.1',0,'1f5ab97f-402a-4b08-a1ad-3e44d3d5c059'),(308,100002,'2018-07-10 21:41:03','2018-07-10 21:41:16',NULL,NULL,'127.0.0.1',0,'79ed02dd-863c-447b-88b5-faa529a69412'),(309,100003,'2018-07-10 21:44:58','2018-07-10 21:45:12',NULL,NULL,'127.0.0.1',0,'7cbbad48-9f9d-4543-ae4a-55f689766d39'),(310,100004,'2018-07-10 21:45:31','2018-07-10 21:45:36',NULL,NULL,'127.0.0.1',0,'5fe1de66-65e0-4bd7-bae3-6ea05194ebec'),(311,100005,'2018-07-10 21:45:53','2018-07-10 21:49:11',NULL,NULL,'127.0.0.1',0,'4ac43459-7b7c-4588-8580-34b9f61622f0'),(312,100005,'2018-07-10 22:08:27','2018-07-10 22:08:34',NULL,NULL,'127.0.0.1',0,'87620b30-803e-49b2-b16e-637beab40b9d'),(313,100005,'2018-07-11 21:11:14','2018-07-11 21:11:32',NULL,NULL,'127.0.0.1',0,'c3073890-9b7a-40ed-a87a-caeb5c1ca152'),(314,100005,'2018-07-11 21:46:25','2018-07-11 21:47:24',NULL,NULL,'127.0.0.1',0,'09b9dda6-5fff-4749-9f33-8e4f65fc30a0'),(315,100005,'2018-07-11 21:49:07','2018-07-11 21:49:13',NULL,NULL,'127.0.0.1',0,'9c3a534c-8cbd-4d7d-8437-cf75d5198274'),(316,100005,'2018-07-11 21:50:04','2018-07-11 21:50:17',NULL,NULL,'127.0.0.1',0,'a9acbf60-da64-4e9e-9a54-e53913da2512'),(317,100005,'2018-07-11 21:50:43','2018-07-11 21:50:51',NULL,NULL,'127.0.0.1',0,'d8b35fdb-7632-4e35-804a-868ee3578d22'),(318,100005,'2018-07-11 21:53:06','2018-07-11 21:54:09',NULL,NULL,'127.0.0.1',0,'47f8cd4b-f1e2-4bcc-aac7-f00a550c214e'),(319,100005,'2018-07-11 21:54:42','2018-07-11 21:54:48',NULL,NULL,'127.0.0.1',0,'ab695697-da24-4c60-a461-dd0634e4d0b2'),(320,100005,'2018-07-11 21:55:13','2018-07-11 21:55:28',NULL,NULL,'127.0.0.1',0,'f5763764-c2e4-4a53-821f-a9ab94c1e4fe'),(321,100005,'2018-07-11 21:55:49','2018-07-11 21:56:01',NULL,NULL,'127.0.0.1',0,'a36b22e7-228f-4f3d-a147-76a8a1700e8e'),(322,100005,'2018-07-11 21:56:38','2018-07-11 21:57:02',NULL,NULL,'127.0.0.1',0,'cd4a6220-d20e-4be0-aecf-2bc75bcaffa4'),(323,100005,'2018-07-11 21:57:53','2018-07-11 21:57:57',NULL,NULL,'127.0.0.1',0,'74641bae-248d-493c-bf9b-abfb43650e8d'),(324,100005,'2018-07-11 21:58:52','2018-07-11 21:59:00',NULL,NULL,'127.0.0.1',0,'de9c1543-0f2c-4873-be10-89597f847a81'),(325,100005,'2018-07-11 21:59:22','2018-07-11 21:59:28',NULL,NULL,'127.0.0.1',0,'be804650-4b85-4dcf-836a-30caff499c5c'),(326,100005,'2018-07-11 21:59:51','2018-07-11 22:00:20',NULL,NULL,'127.0.0.1',0,'6775aea9-172d-42e8-ba00-20719b9fc387'),(327,100005,'2018-07-11 22:00:49','2018-07-11 22:01:24',NULL,NULL,'127.0.0.1',0,'e80dc6e0-72e1-4d26-b4e2-7dce530e4028'),(328,100005,'2018-07-11 22:28:34','2018-07-11 22:29:05',NULL,NULL,'127.0.0.1',0,'d11f287f-f49c-45e9-a0a2-4d2d86008da0'),(329,100005,'2018-07-11 22:29:37','2018-07-11 22:29:47',NULL,NULL,'127.0.0.1',0,'70f37187-63a3-459f-be93-0de3a031806b'),(330,100005,'2018-07-11 22:30:05','2018-07-11 22:30:25',NULL,NULL,'127.0.0.1',0,'3f58b3ec-e264-44f0-8820-63b64edf3e2b'),(331,100005,'2018-07-11 22:32:32','2018-07-11 22:32:32',NULL,NULL,'127.0.0.1',0,'01d36e1f-3577-4112-ae3a-582d860c766d'),(332,100005,'2018-07-11 22:36:37','2018-07-11 22:36:50',NULL,NULL,'127.0.0.1',0,'b2d703cb-0a91-4bef-af9b-059fa9ef6457'),(333,100005,'2018-07-11 22:38:55','2018-07-11 22:38:59',NULL,NULL,'127.0.0.1',0,'cfbc935d-7dc6-4989-88d7-06d1583c1863'),(334,100005,'2018-07-11 22:39:08','2018-07-11 22:41:12',NULL,NULL,'127.0.0.1',0,'dfa8202b-bc89-4258-85cb-598d9cd9d809'),(335,100005,'2018-07-11 22:41:13','2018-07-11 22:41:15',NULL,NULL,'127.0.0.1',0,'f371c49d-7a23-4c94-8f17-06ebf3145eda'),(336,100005,'2018-07-11 22:41:37','2018-07-11 22:41:45',NULL,NULL,'127.0.0.1',0,'a9270b7e-dad2-480d-b7c7-958e2d236c7e'),(337,100005,'2018-07-11 22:46:07','2018-07-11 22:47:22',NULL,NULL,'127.0.0.1',0,'5c70124e-0c90-4917-882d-68a51244cb0e'),(338,100005,'2018-07-13 19:26:43','2018-07-13 19:27:08',NULL,NULL,'127.0.0.1',0,'c9cf2683-8ebc-444b-b77a-17905ca71ce0'),(339,100005,'2018-07-13 19:28:27','2018-07-13 19:30:48',NULL,NULL,'127.0.0.1',0,'9becb6a4-052d-4bf9-8aab-7b5ae155171f'),(340,100005,'2018-07-13 19:30:56','2018-07-13 19:31:52',NULL,NULL,'127.0.0.1',0,'f4b79d1a-bf9b-4479-bf24-186647490351'),(341,100005,'2018-07-13 19:32:01','2018-07-13 19:33:29',NULL,NULL,'127.0.0.1',0,'b2351596-096a-45ff-a908-cfeb489cf72e'),(342,100006,'2018-07-13 19:33:44','2018-07-13 19:38:17',NULL,NULL,'127.0.0.1',0,'9b5bf4a6-d887-4f2f-93b2-e6dd99b7c6c9'),(343,100006,'2018-07-13 19:38:26','2018-07-13 19:41:25',NULL,NULL,'127.0.0.1',0,'f9e492e1-12a7-4dcc-85a0-b3986c08e74e'),(344,100002,'2018-07-13 19:41:33','2018-07-13 19:43:48',NULL,NULL,'127.0.0.1',0,'49cc1488-0051-4294-97ee-3f90a3529d0c'),(345,100002,'2018-07-13 19:43:56','2018-07-13 19:45:00',NULL,NULL,'127.0.0.1',0,'774a3bfb-9332-44a1-b1de-9e32b04cfbcf'),(346,100002,'2018-07-13 19:45:13','2018-07-13 19:45:49',NULL,NULL,'127.0.0.1',0,'cc00abfc-e938-435a-9732-a6a9ef3ff1df'),(347,100002,'2018-07-13 19:47:13','2018-07-13 19:47:48',NULL,NULL,'127.0.0.1',0,'ebd02430-99d1-4ccd-858d-2c427dfaa992'),(348,100002,'2018-07-13 19:48:14','2018-07-13 19:48:49',NULL,NULL,'127.0.0.1',0,'89ff6212-427e-415d-9768-14a5e72200ce'),(349,100002,'2018-07-13 19:49:56','2018-07-13 19:55:29',NULL,NULL,'127.0.0.1',0,'2fe2237c-b540-4027-9ec2-853d75675ea6'),(350,100002,'2018-07-13 19:55:38','2018-07-13 19:55:52',NULL,NULL,'127.0.0.1',0,'b97b6f6c-f3ef-4e75-ba7b-a4b88fbbfe1b'),(351,100002,'2018-07-13 19:56:11','2018-07-13 19:56:48',NULL,NULL,'127.0.0.1',0,'cf872647-e59a-4d11-b161-7137e6a03074'),(352,100002,'2018-07-13 19:57:35','2018-07-13 19:58:06',NULL,NULL,'127.0.0.1',0,'fad61459-386f-43a8-b6e0-dbcbddc4f5a2'),(353,100002,'2018-07-13 19:58:29','2018-07-13 20:10:41',NULL,NULL,'127.0.0.1',0,'2eccb929-c8c8-497d-9f81-7011f3a5e788'),(354,100002,'2018-07-14 09:37:32','2018-07-14 09:44:50',NULL,NULL,'127.0.0.1',0,'2457b09c-1c1c-44fc-bd6c-307b43938cca'),(355,100002,'2018-07-14 09:44:59','2018-07-14 09:46:45',NULL,NULL,'127.0.0.1',0,'d0b98b74-a937-47c3-87ff-c360965d8a91'),(356,100002,'2018-07-14 09:46:53','2018-07-14 09:57:00',NULL,NULL,'127.0.0.1',0,'a9999a99-bb3c-4a6a-8b47-2d3219fd839d'),(357,100002,'2018-07-14 09:57:09','2018-07-14 09:58:59',NULL,NULL,'127.0.0.1',0,'c7645d7a-1792-4ba8-b4dc-4fc7af1044d3'),(358,100002,'2018-07-14 09:59:07','2018-07-14 09:59:16',NULL,NULL,'127.0.0.1',0,'a5a24659-ef93-423d-861c-3c8ac99a6bbc'),(359,100002,'2018-07-14 09:59:47','2018-07-14 09:59:55',NULL,NULL,'127.0.0.1',0,'b64b1e0f-2b65-419f-a243-b25adb1dcc28'),(360,100002,'2018-07-14 10:01:50','2018-07-14 10:01:54',NULL,NULL,'127.0.0.1',0,'e70fbfd6-97d8-4731-897e-fe25436f90f8'),(361,100002,'2018-07-14 10:02:15','2018-07-14 10:04:30',NULL,NULL,'127.0.0.1',0,'e8ebba13-fcf2-400e-9575-90a8304f7f83'),(362,100002,'2018-07-14 10:04:39','2018-07-14 10:06:07',NULL,NULL,'127.0.0.1',0,'72445e1c-91ea-474a-b1ac-dbace348e0cc'),(363,100002,'2018-07-14 10:06:15','2018-07-14 10:06:24',NULL,NULL,'127.0.0.1',0,'53446f99-fe63-4632-9d02-7a129d718487'),(364,100002,'2018-07-14 10:07:55','2018-07-14 10:09:14',NULL,NULL,'127.0.0.1',0,'f478602c-4cb4-4882-9d67-90850e9daef2'),(365,100002,'2018-07-14 10:09:23','2018-07-14 10:11:16',NULL,NULL,'127.0.0.1',0,'3519424d-1358-453a-a4e6-b1f94cf442db'),(366,100002,'2018-07-14 10:12:16','2018-07-14 10:12:33',NULL,NULL,'127.0.0.1',0,'139db02e-f7bf-4a2d-90e0-9a8d816dccbf'),(367,100002,'2018-07-14 10:14:25','2018-07-14 10:18:16',NULL,NULL,'127.0.0.1',0,'cc93aa9a-0711-4f15-8afb-f11b6a1f778d'),(368,100002,'2018-07-14 10:18:25','2018-07-14 10:18:31',NULL,NULL,'127.0.0.1',0,'4e907d94-909f-4080-80e8-fd855956a7ad'),(369,100002,'2018-07-14 10:19:01','2018-07-14 10:19:12',NULL,NULL,'127.0.0.1',0,'26241f32-57fe-4001-a214-bddf239cc332'),(370,100002,'2018-07-14 10:20:01','2018-07-14 10:20:16',NULL,NULL,'127.0.0.1',0,'a6609b09-5a87-408a-beb2-5ad29ebc8920'),(371,100002,'2018-07-14 10:23:28','2018-07-14 10:34:23',NULL,NULL,'127.0.0.1',0,'aec52954-71a7-4cd0-8031-d8e5ad1d18fb'),(372,100002,'2018-07-14 10:34:31','2018-07-14 10:34:49',NULL,NULL,'127.0.0.1',0,'c687c9a9-75c9-48a1-8de2-3236adecb899'),(373,100002,'2018-07-14 10:34:57','2018-07-14 10:35:16',NULL,NULL,'127.0.0.1',0,'73b413f4-c4f7-4003-982e-1213a3d2726f'),(374,100002,'2018-07-14 10:38:55','2018-07-14 10:40:16',NULL,NULL,'127.0.0.1',0,'ff89e858-9c70-4059-a94e-1c4f82128ff8'),(375,100002,'2018-07-14 10:40:32','2018-07-14 10:40:48',NULL,NULL,'127.0.0.1',0,'a4f8dfbd-1507-42ab-b301-687d0320cb83'),(376,100002,'2018-07-14 10:46:18','2018-07-14 10:46:26',NULL,NULL,'127.0.0.1',0,'978161cc-a479-459b-bba6-98c29be7543b'),(377,100002,'2018-07-14 10:48:56','2018-07-14 10:49:15',NULL,NULL,'127.0.0.1',0,'645a2463-9794-492a-abc6-3a8bdd1de684'),(378,100002,'2018-07-14 10:49:24','2018-07-14 10:50:05',NULL,NULL,'127.0.0.1',0,'b991afb4-a2ca-4bbd-9583-8ace6030594e'),(379,100002,'2018-07-14 10:50:55','2018-07-14 10:52:58',NULL,NULL,'127.0.0.1',0,'2587f566-b3ab-4898-9170-f177afe7f85a'),(380,100002,'2018-07-14 10:53:12','2018-07-14 10:53:23',NULL,NULL,'127.0.0.1',0,'4048be9b-66b8-4245-abf5-c4b5844009a6'),(381,100002,'2018-07-14 10:54:21','2018-07-14 10:56:14',NULL,NULL,'127.0.0.1',0,'45bd23de-7417-4c60-b5d7-51a361fa995d'),(382,100002,'2018-07-14 10:56:23','2018-07-14 10:56:32',NULL,NULL,'127.0.0.1',0,'3c924f99-7dfa-4877-a4bb-4bcff520b492'),(383,100002,'2018-07-14 10:57:00','2018-07-14 10:57:11',NULL,NULL,'127.0.0.1',0,'24d5ff44-8ab9-41c9-9da9-d0472619a982'),(384,100002,'2018-07-14 10:57:49','2018-07-14 10:58:05',NULL,NULL,'127.0.0.1',0,'ab6c0bd6-e768-4416-9889-79695ee106e5'),(385,100002,'2018-07-14 10:58:47','2018-07-14 10:59:20',NULL,NULL,'127.0.0.1',0,'bb5fe464-9ae4-4c1c-9b11-d31870b62e16'),(386,100002,'2018-07-14 10:59:28','2018-07-14 11:02:27',NULL,NULL,'127.0.0.1',0,'3bed3b3b-6e94-42bf-a1e1-9e385d3ded6d'),(387,100002,'2018-07-14 11:12:43','2018-07-14 11:20:19',NULL,NULL,'127.0.0.1',0,'3cad9bfa-532a-438c-99ec-38956dd83464'),(388,100002,'2018-07-14 11:20:27','2018-07-14 11:20:31',NULL,NULL,'127.0.0.1',0,'6584956e-9c7e-454b-853f-18f12149714c'),(389,100002,'2018-07-14 11:21:12','2018-07-14 11:22:02',NULL,NULL,'127.0.0.1',0,'9e9a1cc7-ace0-4758-81c8-5ea463c2e4fc'),(390,100002,'2018-07-14 11:40:27','2018-07-14 11:53:25',NULL,NULL,'127.0.0.1',0,'3f9b3f0d-a54b-4bb5-b8f9-12c4fbf9a304'),(391,100002,'2018-07-14 11:53:25','2018-07-14 11:53:33',NULL,NULL,'127.0.0.1',0,'e96416ee-0270-42e1-b71b-0f4e71d0ba85'),(392,100002,'2018-07-14 12:05:31','2018-07-14 12:05:45',NULL,NULL,'127.0.0.1',0,'dd5fd01c-e3ad-438b-becd-9b7bceb8018a'),(393,100002,'2018-07-14 12:07:11','2018-07-14 12:07:16',NULL,NULL,'127.0.0.1',0,'082e6a00-0b2a-4ac6-8707-e6d6905ebcb5'),(394,100002,'2018-07-14 12:09:02','2018-07-14 12:09:08',NULL,NULL,'127.0.0.1',0,'9b41354f-f6a9-4216-bcc0-680889cce90d'),(395,100002,'2018-07-14 12:09:28','2018-07-14 12:09:33',NULL,NULL,'127.0.0.1',0,'24e94c3e-21ca-4777-936b-085a597146c7'),(396,100002,'2018-07-14 12:09:49','2018-07-14 12:10:08',NULL,NULL,'127.0.0.1',0,'b7864be4-9717-4809-8480-05f564b755a2'),(397,100002,'2018-07-14 12:10:17','2018-07-14 12:15:18',NULL,NULL,'127.0.0.1',0,'9933c246-aa5e-4eb3-8f4b-0591b8642e8e'),(398,100002,'2018-07-14 12:15:28','2018-07-14 12:15:54',NULL,NULL,'127.0.0.1',0,'7a6b429c-e4c0-4658-90bb-b9b2aaea46ea'),(399,100002,'2018-07-14 12:16:46','2018-07-14 12:17:45',NULL,NULL,'127.0.0.1',0,'f655f878-e87c-4e20-8064-0c21e81859c4'),(400,100002,'2018-07-14 12:17:48','2018-07-14 12:19:23',NULL,NULL,'127.0.0.1',0,'01804c18-e56f-4cc0-a94e-e520bf80c07b'),(401,100002,'2018-07-14 12:19:23','2018-07-14 12:19:24',NULL,NULL,'127.0.0.1',0,'ea9234cd-688f-48b9-84ed-f8e08195c5be'),(402,100002,'2018-07-14 12:19:32','2018-07-14 12:28:33',NULL,NULL,'127.0.0.1',0,'8ddf2a81-a38c-4b64-9b78-eb911a154e6c'),(403,100002,'2018-07-14 12:29:05','2018-07-14 12:29:13',NULL,NULL,'127.0.0.1',0,'0f65dabf-45c3-4ad1-a2af-32c597204a74'),(404,100002,'2018-07-14 12:30:42','2018-07-14 12:32:18',NULL,NULL,'127.0.0.1',0,'f0704d1b-5e38-48ec-a5d8-c05e6ff4f308'),(405,100002,'2018-07-14 12:34:52','2018-07-14 12:35:17',NULL,NULL,'127.0.0.1',0,'e3cfe636-8756-4ecb-b867-c595524df41c'),(406,100002,'2018-07-14 12:39:41','2018-07-14 12:40:10',NULL,NULL,'127.0.0.1',0,'1e0bec47-35fd-4711-a3a5-fcce954fcbca'),(407,100002,'2018-07-14 12:40:19','2018-07-14 12:41:11',NULL,NULL,'127.0.0.1',0,'6abb1731-1b0e-429f-8f42-6d075e8c8e3e'),(408,100002,'2018-07-14 12:43:09','2018-07-14 12:44:22',NULL,NULL,'127.0.0.1',0,'6da06538-2eae-45f3-8c24-d7656c1d8736'),(409,100002,'2018-07-14 12:51:08','2018-07-14 12:51:35',NULL,NULL,'127.0.0.1',0,'3aa76945-2974-4f77-b98d-0e85e37f8b2a'),(410,100002,'2018-07-14 12:55:26','2018-07-14 12:59:32',NULL,NULL,'127.0.0.1',0,'a77783e6-a6dd-42cf-8be5-e51124c9841f'),(411,100002,'2018-07-14 12:59:45','2018-07-14 12:59:52',NULL,NULL,'127.0.0.1',0,'51da88df-2ba8-4214-b4cb-86b7da409161'),(412,100002,'2018-07-14 13:00:12','2018-07-14 13:00:19',NULL,NULL,'127.0.0.1',0,'55973d52-a068-4576-888b-88dcede42284'),(413,100002,'2018-07-14 13:00:56','2018-07-14 13:01:40',NULL,NULL,'127.0.0.1',0,'2774284d-606c-4364-b4a0-7d4790bc0c8f'),(414,100002,'2018-07-14 13:01:49','2018-07-14 13:02:20',NULL,NULL,'127.0.0.1',0,'c0e0abe5-32b6-47d8-913b-87668d1dd037'),(415,100002,'2018-07-14 13:02:29','2018-07-14 13:04:32',NULL,NULL,'127.0.0.1',0,'18c96baf-5ccf-41e5-8146-17cfc3817751'),(416,100002,'2018-07-14 13:04:47','2018-07-14 13:06:46',NULL,NULL,'127.0.0.1',0,'adaffea6-110f-4343-b217-08d7028035d0'),(417,100002,'2018-07-14 13:06:55','2018-07-14 13:07:22',NULL,NULL,'127.0.0.1',0,'b2f88b74-bb2f-4fc6-a19a-99ca7ec33331'),(418,100002,'2018-07-14 13:07:56','2018-07-14 13:09:19',NULL,NULL,'127.0.0.1',0,'d82ab945-42a1-44c4-b705-67b873396988'),(419,100002,'2018-07-14 13:09:32','2018-07-14 13:11:03',NULL,NULL,'127.0.0.1',0,'8faeabe8-2eda-4e70-8316-0085215cd044'),(420,100000,'2018-07-14 13:11:25','2018-07-14 13:12:24',NULL,NULL,'127.0.0.1',0,'a2d730a0-1031-40ed-a883-5c122be569f9'),(421,100002,'2018-07-15 07:33:56','2018-07-15 07:34:37',NULL,NULL,'127.0.0.1',0,'4e79e320-d61f-4c14-a569-d00f60d6914d'),(422,100002,'2018-07-15 07:35:33','2018-07-15 07:35:54',NULL,NULL,'127.0.0.1',0,'089af837-c8f7-4b8e-84a4-14c8a385df50'),(423,100002,'2018-07-15 07:37:00','2018-07-15 07:37:11',NULL,NULL,'127.0.0.1',0,'cc8711c2-e2be-4859-9805-9b027c0b33a6'),(424,100002,'2018-07-15 07:38:11','2018-07-15 07:39:26',NULL,NULL,'127.0.0.1',0,'74f3e7b7-0986-45a0-88a7-45507726ab08'),(425,100002,'2018-07-15 07:39:34','2018-07-15 07:39:37',NULL,NULL,'127.0.0.1',0,'4c2087e0-2e49-4e82-99a8-bd31735c58da'),(426,100002,'2018-07-15 07:42:46','2018-07-15 07:42:48',NULL,NULL,'127.0.0.1',0,'c99e7e0e-bd25-499e-8ece-dfa3f563d84c'),(427,100002,'2018-07-15 07:43:18','2018-07-15 07:43:27',NULL,NULL,'127.0.0.1',0,'9630832c-4ff7-46b8-8d67-ef8df36ee3fe'),(428,100002,'2018-11-04 09:19:13','2018-11-04 09:20:21',NULL,NULL,'127.0.0.1',0,'ef480cce-b95d-4bc0-83ad-550d9b70d326'),(429,100000,'2019-01-25 20:54:52','2019-01-25 21:06:20',NULL,NULL,'127.0.0.1',0,'a8c032ac-730c-440c-b163-070841b2d0ef'),(430,100007,'2019-01-25 21:00:07',NULL,NULL,NULL,'192.168.18.5',0,'cf4cb204-bd1f-41fa-acf3-40c7ce3687c2'),(431,100008,'2019-01-25 21:00:46','2019-01-25 21:06:23',NULL,NULL,'192.168.18.10',0,'cd9914f8-9fab-4a09-9f6c-b29549ff15fe'),(432,100009,'2019-01-25 21:01:44',NULL,NULL,NULL,'192.168.18.4',0,'8fafa9c6-89ba-4dd8-9b51-9ce84f182e93'),(433,100001,'2019-01-25 21:10:23','2019-01-25 21:10:29',NULL,NULL,'192.168.18.10',0,'968f8944-62c2-481c-bf3d-3611a81a7df4'),(434,100001,'2019-01-25 21:42:07','2019-01-25 21:42:12',NULL,NULL,'192.168.18.10',0,'90f8d832-e46d-466e-964e-d28c2cae45be'),(435,100001,'2019-01-25 21:42:51','2019-01-25 21:42:55',NULL,NULL,'192.168.18.10',0,'df93aacf-933b-4764-b87a-e7c478d90f39'),(436,100001,'2019-01-25 21:43:18','2019-01-25 21:43:26',NULL,NULL,'192.168.18.10',0,'d61e010b-d144-4cc0-b438-e797a5c3c2e9'),(437,100001,'2019-01-25 21:44:07','2019-01-25 21:44:32',NULL,NULL,'192.168.18.10',0,'cb06d5b3-f664-478c-827c-6bc29af20646'),(438,100001,'2019-01-25 21:57:34','2019-01-25 21:57:43',NULL,NULL,'192.168.18.10',0,'95390d5b-37f8-4532-96e6-724921fd2e9b'),(439,100001,'2019-01-25 21:59:18','2019-01-25 21:59:25',NULL,NULL,'192.168.18.10',0,'25702178-a254-4d36-888e-220c6a137a82'),(440,100001,'2019-01-25 22:01:51','2019-01-25 22:02:17',NULL,NULL,'192.168.18.10',0,'3bfb59c8-4577-4430-af48-e550105b4991'),(441,100001,'2019-01-25 22:26:56','2019-01-25 22:27:17',NULL,NULL,'192.168.18.10',0,'121d2c20-8a7f-4f04-a3ad-ca95f694361a'),(442,100001,'2019-01-25 23:19:58','2019-01-25 23:20:39',NULL,NULL,'192.168.18.10',0,'a6cc0d78-9c7d-4dc3-b215-e5f3d1fb24b0'),(443,100001,'2019-01-25 23:21:25','2019-01-25 23:21:55',NULL,NULL,'192.168.18.10',0,'86869cab-2594-48f1-998a-55127c5bbb4b'),(444,100001,'2019-01-25 23:24:09','2019-01-25 23:24:41',NULL,NULL,'192.168.18.10',0,'688cb67f-f781-433d-8cdb-bae55c3171b3'),(445,100001,'2019-01-25 23:32:41','2019-01-25 23:32:43',NULL,NULL,'192.168.18.10',0,'6406cbc5-024a-49b6-b9f1-d19fce672d1a'),(446,100001,'2019-01-25 23:32:58','2019-01-25 23:33:06',NULL,NULL,'192.168.18.10',0,'30694b7c-bbc7-4c83-9513-11cfc20c682a'),(447,100001,'2019-01-25 23:33:46','2019-01-25 23:34:01',NULL,NULL,'192.168.18.10',0,'4ca9352e-0d56-44a7-8f4e-6906b8a073c2'),(448,100001,'2019-01-25 23:34:32','2019-01-25 23:35:14',NULL,NULL,'192.168.18.10',0,'102f5611-ffab-4a41-8092-ea3d94d430cd'),(449,100001,'2019-01-25 23:36:41','2019-01-25 23:36:42',NULL,NULL,'192.168.18.10',0,'936c7d7d-c38b-4701-8a7b-e19c75365ef9'),(450,100010,'2019-01-25 23:48:56','2019-01-25 23:49:17',NULL,NULL,'192.168.18.10',0,'e2e1c754-214b-405a-a4dd-8fbccee9ceb3'),(451,100010,'2019-01-25 23:55:12','2019-01-25 23:55:17',NULL,NULL,'192.168.18.10',0,'77d360f6-0450-41d3-989d-5812bf264e20'),(452,100010,'2019-01-25 23:58:07','2019-01-26 00:00:36',NULL,NULL,'192.168.18.10',0,'36719b0b-8c44-454f-a27b-86f6ec278f7e'),(453,100010,'2019-01-26 00:00:52','2019-01-26 00:00:59',NULL,NULL,'192.168.18.10',0,'2d643348-930c-45dc-9d64-bc13bf2837c5'),(454,100010,'2019-01-26 00:09:46',NULL,NULL,NULL,'192.168.18.10',0,'14ad154d-d7cd-4d77-8350-1a699b85477f'),(455,100010,'2019-01-26 00:13:33',NULL,NULL,NULL,'192.168.18.10',0,'53c4291f-ce85-46fb-90e0-02c9b8ce656f'),(456,100010,'2019-01-26 00:20:09','2019-01-26 00:20:10',NULL,NULL,'192.168.18.10',0,'96fce2e6-df2a-4375-8964-38b807a820ec'),(457,100010,'2019-01-26 00:20:27','2019-01-26 00:24:57',NULL,NULL,'192.168.18.10',0,'88e81c45-d01a-485d-8199-0d2f6bee96d5'),(458,100010,'2019-01-26 08:49:24','2019-01-26 08:51:08',NULL,NULL,'192.168.18.10',0,'d28abbda-cf00-4f1d-9283-d7c4411c8325'),(459,100010,'2019-01-26 08:51:11','2019-01-26 08:51:29',NULL,NULL,'192.168.18.10',0,'f2fdd72b-d7b0-4987-82fc-7d9afab7f583'),(460,100011,'2019-01-26 08:52:27','2019-01-26 08:54:16',NULL,NULL,'192.168.18.10',0,'bcd83ca9-9dc2-4a3d-a5ea-a880a15be14d'),(461,100002,'2019-01-26 09:02:17','2019-01-26 09:03:00',NULL,NULL,'127.0.0.1',0,'22354ea2-637d-40a1-9ccb-a9a496538dea'),(462,100002,'2019-01-26 09:03:22','2019-01-26 09:07:15',NULL,NULL,'127.0.0.1',0,'a61102b9-e3fc-434c-ac84-edbe0730633a'),(463,100012,'2019-02-01 19:00:01','2019-02-01 19:01:07',NULL,NULL,'192.168.18.10',0,'35b6cdef-57be-4c11-bb9a-9608c3224367'),(464,100012,'2019-02-01 19:01:07','2019-02-01 19:01:11',NULL,NULL,'192.168.18.10',0,'fafc3638-4579-4f6e-8857-17ba82fea90c'),(465,100012,'2019-02-01 19:01:24','2019-02-01 19:04:36',NULL,NULL,'192.168.18.10',0,'669411ea-b2a7-4585-ad4c-e64f60ef5105'),(466,100013,'2019-02-01 19:01:40','2019-02-01 19:06:01',NULL,NULL,'192.168.18.4',0,'d8a5347c-d11d-4c16-9ab9-d1be84ba4bab'),(467,100014,'2019-02-01 19:02:29','2019-02-01 19:04:48',NULL,NULL,'192.168.18.10',0,'2b68849f-687b-4285-b996-26b23f54c200'),(468,100015,'2019-02-01 19:03:42','2019-02-01 19:05:49',NULL,NULL,'192.168.18.5',0,'46f90c96-d298-458a-9dbd-3c1d9eb64b8e'),(469,100012,'2019-02-01 19:04:37',NULL,NULL,NULL,'192.168.18.10',0,'b9edbe30-a7ac-4800-9358-49b81ec1689c'),(470,100014,'2019-02-01 19:04:49',NULL,NULL,NULL,'192.168.18.10',0,'09435936-8a5a-449b-9974-68f0c679b9c9'),(471,100015,'2019-02-01 19:05:53',NULL,NULL,NULL,'192.168.18.5',0,'a30089ca-c20c-4cd8-91cf-d128e894acf0'),(472,100013,'2019-02-01 19:06:02',NULL,NULL,NULL,'192.168.18.4',0,'64039a8c-d7d1-4811-8e49-bb8a19ce3500'),(473,100012,'2019-02-01 19:06:50','2019-02-01 19:09:34',NULL,NULL,'192.168.18.10',0,'dc107716-f286-453f-af3e-f884069f1603'),(474,100014,'2019-02-01 19:06:55','2019-02-01 19:09:40',NULL,NULL,'192.168.18.10',0,'d2afda20-536a-4843-bb26-3ce6736b5e4a'),(475,100015,'2019-02-01 19:06:57','2019-02-01 19:09:55',NULL,NULL,'192.168.18.5',0,'d725fa2c-d1af-444c-a083-008aafebee38'),(476,100013,'2019-02-01 19:06:59','2019-02-01 19:10:07',NULL,NULL,'192.168.18.4',0,'90d68d90-468b-4c42-ad0c-83309d9cb263'),(477,100012,'2019-02-01 19:09:35',NULL,NULL,NULL,'192.168.18.10',0,'7ac6632a-bd51-4589-a31e-a25f00e70a4c'),(478,100014,'2019-02-01 19:09:40',NULL,NULL,NULL,'192.168.18.10',0,'62466f51-d972-42a1-82ab-899474dab7d4'),(479,100015,'2019-02-01 19:09:59',NULL,NULL,NULL,'192.168.18.5',0,'1e484a60-a1e4-4a87-b68a-a4ead8c3c9cc'),(480,100013,'2019-02-01 19:10:08',NULL,NULL,NULL,'192.168.18.4',0,'1b495014-ed15-4328-8660-1c8d01e1e5fb'),(481,100012,'2019-02-01 19:10:47','2019-02-01 19:57:21',NULL,NULL,'192.168.18.10',0,'477479b4-d13e-4b3d-a910-4e63a7194c78'),(482,100014,'2019-02-01 19:10:51','2019-02-01 19:57:27',NULL,NULL,'192.168.18.10',0,'eaa58d56-32ab-4d80-a8e6-f35e8c4bd81b'),(483,100015,'2019-02-01 19:10:53',NULL,NULL,NULL,'192.168.18.5',0,'e62dec63-b263-403c-95bc-4c8059ae603f'),(484,100013,'2019-02-01 19:10:54','2019-02-01 19:34:34',NULL,NULL,'192.168.18.4',0,'94539e0c-fdbd-4fe6-9668-5289ca1ccd77'),(485,100013,'2019-02-01 19:34:35','2019-02-01 19:53:47',NULL,NULL,'192.168.18.4',0,'eca9fa86-6044-4a4a-b3a5-fe0793b49dc3'),(486,100011,'2019-02-01 19:52:59','2019-02-01 19:53:02',NULL,NULL,'192.168.18.10',0,'bb4cf373-ead3-401a-8b8b-9a41edfa78d2'),(487,100012,'2019-02-01 19:57:22',NULL,NULL,NULL,'192.168.18.10',0,'68d37fde-eb4c-4ea7-af54-efc0cf2cea06'),(488,100011,'2019-02-01 19:59:20','2019-02-01 19:59:22',NULL,NULL,'192.168.18.10',0,'e63d55b0-a22f-41a1-8652-004188e761cc'),(489,100011,'2019-02-01 20:19:36','2019-02-01 20:19:51',NULL,NULL,'192.168.18.10',0,'f67bd300-4ad5-4673-a954-b69994f86b8a'),(490,100011,'2019-02-01 20:20:15','2019-02-01 20:20:47',NULL,NULL,'192.168.18.10',0,'466c43ac-1cd0-4dd6-9d6c-6cfcc32607a5'),(491,100011,'2019-02-01 20:21:21','2019-02-01 20:21:21',NULL,NULL,'192.168.18.10',0,'83c5d8df-44be-4dbc-9a37-9a5afc6222e1'),(492,100011,'2019-02-01 20:29:18','2019-02-01 20:29:20',NULL,NULL,'127.0.0.1',0,'10152775-a2a5-4c39-90f5-544b2b24aa35'),(493,100011,'2019-02-01 20:33:23','2019-02-01 20:33:25',NULL,NULL,'127.0.0.1',0,'bc2a117c-7294-4765-a961-7f81a1c48696'),(494,100011,'2019-02-01 20:34:03','2019-02-01 20:34:10',NULL,NULL,'127.0.0.1',0,'c2d35bf8-212c-460e-8149-5076ab6b3842'),(495,100012,'2019-02-01 20:41:52','2019-02-01 20:42:18',NULL,NULL,'192.168.18.10',0,'7b6368aa-8630-4fb4-a1c2-5637af26bd0f'),(496,100012,'2019-02-01 20:42:19','2019-02-01 20:42:30',NULL,NULL,'192.168.18.10',0,'4514b2e0-4627-4adb-a317-701257eb5a95'),(497,100012,'2019-02-01 20:44:25','2019-02-01 20:45:35',NULL,NULL,'192.168.18.10',0,'26fd3e33-a172-4682-ae7d-c148b842cd8c'),(498,100012,'2019-02-01 20:45:36','2019-02-01 20:48:56',NULL,NULL,'192.168.18.10',0,'e0b4f99e-1bf6-4c3b-9800-b58874a512e8'),(499,100012,'2019-02-01 20:48:57','2019-02-01 20:49:21',NULL,NULL,'192.168.18.10',0,'5570e8f7-03a8-48fa-9325-6d37f189c74d'),(500,100011,'2019-02-01 20:59:30','2019-02-01 20:59:32',NULL,NULL,'127.0.0.1',0,'ce19a579-288c-4ddf-98c2-fdc0917304c0'),(501,100016,'2019-02-01 21:01:14','2019-02-01 21:02:50',NULL,NULL,'192.168.18.10',0,'dec7828a-52bf-49ee-908d-bfe4f85194f8'),(502,100013,'2019-02-01 21:01:28','2019-02-01 21:10:40',NULL,NULL,'192.168.18.4',0,'6f30b985-590d-4884-8f97-35eb10541166'),(503,100011,'2019-02-01 21:11:53',NULL,NULL,NULL,'127.0.0.1',0,'ef0fde7a-d6f7-403a-ad3f-3144580b5b6b'),(504,100015,'2019-02-01 21:14:13','2019-02-01 21:14:22',NULL,NULL,'192.168.18.5',0,'2db1d9a1-b2c6-4d82-8c63-66eb8b9953a0'),(505,100015,'2019-02-01 21:14:32','2019-02-01 21:14:45',NULL,NULL,'192.168.18.5',0,'6c993aef-35b0-4f1d-8533-1aa60bd5f157');
